insert into demo_user (id, username, display_name, created_at) values (260525119999001, 'admin', 'Administrator', current_timestamp);
insert into sys_role (id, role_code, role_name, status, create_time, update_time) values (260525120000001, 'ADMIN', '系统管理员', 1, current_timestamp, current_timestamp);
insert into sys_role (id, role_code, role_name, status, create_time, update_time) values (260525120000002, 'CUSTOMER_SERVICE', '客服专员', 1, current_timestamp, current_timestamp);
insert into sys_role (id, role_code, role_name, status, create_time, update_time) values (260525120000003, 'DISPATCHER', '调度专员', 1, current_timestamp, current_timestamp);
insert into sys_role (id, role_code, role_name, status, create_time, update_time) values (260525120000004, 'DRIVER', '司机', 1, current_timestamp, current_timestamp);
insert into sys_role (id, role_code, role_name, status, create_time, update_time) values (260525120000005, 'FINANCE', '财务专员', 1, current_timestamp, current_timestamp);
insert into sys_role (id, role_code, role_name, status, create_time, update_time) values (260525120000006, 'CUSTOMER', '客户', 1, current_timestamp, current_timestamp);
insert into sys_user (id, user_code, username, real_name, mobile, email, password, role_id, status, create_time, update_time) values (260525120000007, 'U-ADMIN-001', 'admin', '系统管理员', '138963311213', 'admin@xlh-logistics.local', 'xlh963311213', 260525120000001, 1, current_timestamp, current_timestamp);
insert into sys_user_role (id, user_id, role_id) values (260525120000008, 260525120000007, 260525120000001);
insert into sys_user (id, user_code, username, real_name, mobile, email, password, role_id, status, create_time, update_time) values (260525120000009, 'U-CS-001', 'service', '客服王静', '13800000011', 'service@xlh-logistics.local', '123456', 260525120000002, 1, current_timestamp, current_timestamp);
insert into sys_user_role (id, user_id, role_id) values (260525120000010, 260525120000009, 260525120000002);
insert into sys_user (id, user_code, username, real_name, mobile, email, password, role_id, status, create_time, update_time) values (260525120000011, 'U-DIS-001', 'dispatcher', '调度李明', '13800000012', 'dispatch@xlh-logistics.local', '123456', 260525120000003, 1, current_timestamp, current_timestamp);
insert into sys_user_role (id, user_id, role_id) values (260525120000012, 260525120000011, 260525120000003);
insert into sys_user (id, user_code, username, real_name, mobile, email, password, role_id, status, create_time, update_time) values (260525120000013, 'U-DRV-001', 'driver', '司机张伟', '13800000013', 'driver@xlh-logistics.local', '123456', 260525120000004, 1, current_timestamp, current_timestamp);
insert into sys_user_role (id, user_id, role_id) values (260525120000014, 260525120000013, 260525120000004);
insert into sys_user (id, user_code, username, real_name, mobile, email, password, role_id, status, create_time, update_time) values (260525120000015, 'U-FIN-001', 'finance', '财务赵敏', '13800000014', 'finance@xlh-logistics.local', '123456', 260525120000005, 1, current_timestamp, current_timestamp);
insert into sys_user_role (id, user_id, role_id) values (260525120000016, 260525120000015, 260525120000005);
insert into sys_user (id, user_code, username, real_name, mobile, email, password, role_id, status, create_time, update_time) values (260525120000017, 'U-CUS-001', 'customer', '客户陈静', '13800000015', 'customer@xlh-logistics.local', '123456', 260525120000006, 1, current_timestamp, current_timestamp);
insert into sys_user_role (id, user_id, role_id) values (260525120000018, 260525120000017, 260525120000006);
insert into sys_menu (id, parent_id, menu_name, menu_path, permission_code, sort_no, status, create_time, update_time) values (260525120000019, 0, '运营看板', '/dashboard', 'dashboard:view', 10, 1, current_timestamp, current_timestamp);
insert into sys_menu (id, parent_id, menu_name, menu_path, permission_code, sort_no, status, create_time, update_time) values (260525120000020, 0, '运单管理', '/orders', 'order:manage', 20, 1, current_timestamp, current_timestamp);
insert into sys_menu (id, parent_id, menu_name, menu_path, permission_code, sort_no, status, create_time, update_time) values (260525120000021, 0, '客户管理', '/customers', 'customer:manage', 30, 1, current_timestamp, current_timestamp);
insert into sys_menu (id, parent_id, menu_name, menu_path, permission_code, sort_no, status, create_time, update_time) values (260525120000022, 0, '运单中心', '/waybills', 'waybill:manage', 40, 1, current_timestamp, current_timestamp);
insert into sys_menu (id, parent_id, menu_name, menu_path, permission_code, sort_no, status, create_time, update_time) values (260525120000023, 0, '调度管理', '/dispatches', 'dispatch:manage', 50, 1, current_timestamp, current_timestamp);
insert into sys_menu (id, parent_id, menu_name, menu_path, permission_code, sort_no, status, create_time, update_time) values (260525120000024, 0, '运输任务', '/tasks', 'task:manage', 60, 1, current_timestamp, current_timestamp);
insert into sys_menu (id, parent_id, menu_name, menu_path, permission_code, sort_no, status, create_time, update_time) values (260525120000025, 0, '物流轨迹', '/tracks', 'track:view', 70, 1, current_timestamp, current_timestamp);
insert into sys_menu (id, parent_id, menu_name, menu_path, permission_code, sort_no, status, create_time, update_time) values (260525120000026, 0, '司机管理', '/drivers', 'driver:manage', 80, 1, current_timestamp, current_timestamp);
insert into sys_menu (id, parent_id, menu_name, menu_path, permission_code, sort_no, status, create_time, update_time) values (260525120000027, 0, '车辆管理', '/vehicles', 'vehicle:manage', 90, 1, current_timestamp, current_timestamp);
insert into sys_menu (id, parent_id, menu_name, menu_path, permission_code, sort_no, status, create_time, update_time) values (260525120000028, 0, '异常管理', '/exceptions', 'exception:manage', 100, 1, current_timestamp, current_timestamp);
insert into sys_menu (id, parent_id, menu_name, menu_path, permission_code, sort_no, status, create_time, update_time) values (260525120000029, 0, '费用结算', '/fees', 'fee:manage', 110, 1, current_timestamp, current_timestamp);
insert into sys_menu (id, parent_id, menu_name, menu_path, permission_code, sort_no, status, create_time, update_time) values (260525120000030, 0, '系统管理', '/system', 'system:manage', 900, 1, current_timestamp, current_timestamp);
insert into sys_menu (id, parent_id, menu_name, menu_path, permission_code, sort_no, status, create_time, update_time) values (260525120000031, 260525120000030, '用户管理', '/system/users', 'system:user:manage', 910, 1, current_timestamp, current_timestamp);
insert into sys_menu (id, parent_id, menu_name, menu_path, permission_code, sort_no, status, create_time, update_time) values (260525120000032, 260525120000030, '角色管理', '/system/roles', 'system:role:manage', 920, 1, current_timestamp, current_timestamp);
insert into sys_menu (id, parent_id, menu_name, menu_path, permission_code, sort_no, status, create_time, update_time) values (260525120000033, 260525120000030, '操作日志', '/system/operation-logs', 'system:log:view', 930, 1, current_timestamp, current_timestamp);
insert into sys_menu (id, parent_id, menu_name, menu_path, permission_code, sort_no, status, create_time, update_time) values (260525120000034, 0, '上传文件', '/files', 'file:manage', 940, 1, current_timestamp, current_timestamp);
insert into sys_menu (id, parent_id, menu_name, menu_path, permission_code, sort_no, status, create_time, update_time) values (260525120000035, 0, '资源中心', '/resources', 'resource:view', 950, 1, current_timestamp, current_timestamp);
insert into sys_menu (id, parent_id, menu_name, menu_path, permission_code, sort_no, status, create_time, update_time) values (260526090000001, 260525120000030, '权限配置', '/system/permissions', 'system:permission:manage', 925, 1, current_timestamp, current_timestamp);
insert into sys_role_menu (id, role_id, menu_id) values (260525120000036, 260525120000001, 260525120000019);
insert into sys_role_menu (id, role_id, menu_id) values (260525120000037, 260525120000001, 260525120000020);
insert into sys_role_menu (id, role_id, menu_id) values (260525120000038, 260525120000001, 260525120000021);
insert into sys_role_menu (id, role_id, menu_id) values (260525120000039, 260525120000001, 260525120000022);
insert into sys_role_menu (id, role_id, menu_id) values (260525120000040, 260525120000001, 260525120000023);
insert into sys_role_menu (id, role_id, menu_id) values (260525120000041, 260525120000001, 260525120000024);
insert into sys_role_menu (id, role_id, menu_id) values (260525120000042, 260525120000001, 260525120000025);
insert into sys_role_menu (id, role_id, menu_id) values (260525120000043, 260525120000001, 260525120000026);
insert into sys_role_menu (id, role_id, menu_id) values (260525120000044, 260525120000001, 260525120000027);
insert into sys_role_menu (id, role_id, menu_id) values (260525120000045, 260525120000001, 260525120000028);
insert into sys_role_menu (id, role_id, menu_id) values (260525120000046, 260525120000001, 260525120000029);
insert into sys_role_menu (id, role_id, menu_id) values (260525120000047, 260525120000001, 260525120000030);
insert into sys_role_menu (id, role_id, menu_id) values (260525120000048, 260525120000001, 260525120000031);
insert into sys_role_menu (id, role_id, menu_id) values (260525120000049, 260525120000001, 260525120000032);
insert into sys_role_menu (id, role_id, menu_id) values (260525120000050, 260525120000001, 260525120000033);
insert into sys_role_menu (id, role_id, menu_id) values (260525120000051, 260525120000001, 260525120000034);
insert into sys_role_menu (id, role_id, menu_id) values (260525120000052, 260525120000001, 260525120000035);
insert into sys_role_menu (id, role_id, menu_id) values (260525120000053, 260525120000002, 260525120000021);
insert into sys_role_menu (id, role_id, menu_id) values (260525120000054, 260525120000002, 260525120000020);
insert into sys_role_menu (id, role_id, menu_id) values (260525120000055, 260525120000002, 260525120000022);
insert into sys_role_menu (id, role_id, menu_id) values (260525120000056, 260525120000002, 260525120000025);
insert into sys_role_menu (id, role_id, menu_id) values (260525120000057, 260525120000003, 260525120000023);
insert into sys_role_menu (id, role_id, menu_id) values (260525120000058, 260525120000003, 260525120000024);
insert into sys_role_menu (id, role_id, menu_id) values (260525120000059, 260525120000003, 260525120000026);
insert into sys_role_menu (id, role_id, menu_id) values (260525120000060, 260525120000003, 260525120000027);
insert into sys_role_menu (id, role_id, menu_id) values (260525120000061, 260525120000003, 260525120000025);
insert into sys_role_menu (id, role_id, menu_id) values (260525120000062, 260525120000003, 260525120000028);
insert into sys_role_menu (id, role_id, menu_id) values (260525120000063, 260525120000004, 260525120000024);
insert into sys_role_menu (id, role_id, menu_id) values (260525120000064, 260525120000004, 260525120000025);
insert into sys_role_menu (id, role_id, menu_id) values (260525120000065, 260525120000004, 260525120000028);
insert into sys_role_menu (id, role_id, menu_id) values (260525120000066, 260525120000005, 260525120000029);
insert into sys_role_menu (id, role_id, menu_id) values (260525120000067, 260525120000005, 260525120000019);
insert into sys_role_menu (id, role_id, menu_id) values (260525120000068, 260525120000006, 260525120000020);
insert into sys_role_menu (id, role_id, menu_id) values (260525120000069, 260525120000006, 260525120000025);
insert into sys_role_menu (id, role_id, menu_id) values (260526090000002, 260525120000001, 260526090000001);
insert into sys_operation_log (id, username, operation, request_uri, request_method, operation_status, operation_time) values (260525120000070, 'admin', '系统初始化', '/system/init', 'SYSTEM', 'SUCCESS', current_timestamp);
insert into logistics_customer (id, customer_code, customer_name, contact_name, contact_phone, province, city, address, status, created_at, updated_at) values (260525120000071, 'CUST-0001', '北京远航供应链有限公司', '李明强', '1380000001', '北京市', '北京', '朝阳区光华路 11 号', 'ACTIVE', current_timestamp, current_timestamp);
insert into logistics_customer (id, customer_code, customer_name, contact_name, contact_phone, province, city, address, status, created_at, updated_at) values (260525120000072, 'CUST-0002', '广州优品供应链有限公司', '王伟婷', '1380000002', '广东省', '广州', '天河区软件路 12 号', 'ACTIVE', current_timestamp, current_timestamp);
insert into logistics_customer (id, customer_code, customer_name, contact_name, contact_phone, province, city, address, status, created_at, updated_at) values (260525120000073, 'CUST-0003', '深圳恒达供应链有限公司', '张敏磊', '1380000003', '广东省', '深圳', '南山区科技路 13 号', 'ACTIVE', current_timestamp, current_timestamp);
insert into logistics_customer (id, customer_code, customer_name, contact_name, contact_phone, province, city, address, status, created_at, updated_at) values (260525120000074, 'CUST-0004', '杭州云仓供应链有限公司', '刘强芳', '1380000004', '浙江省', '杭州', '滨江区江南大道 14 号', 'ACTIVE', current_timestamp, current_timestamp);
insert into logistics_customer (id, customer_code, customer_name, contact_name, contact_phone, province, city, address, status, created_at, updated_at) values (260525120000075, 'CUST-0005', '南京瑞丰供应链有限公司', '赵婷杰', '1380000005', '江苏省', '南京', '雨花台区软件大道 15 号', 'ACTIVE', current_timestamp, current_timestamp);
insert into logistics_customer (id, customer_code, customer_name, contact_name, contact_phone, province, city, address, status, created_at, updated_at) values (260525120000076, 'CUST-0006', '成都新程供应链有限公司', '孙磊娜', '1380000006', '四川省', '成都', '高新区天府大道 16 号', 'ACTIVE', current_timestamp, current_timestamp);
insert into logistics_customer (id, customer_code, customer_name, contact_name, contact_phone, province, city, address, status, created_at, updated_at) values (260525120000077, 'CUST-0007', '武汉嘉运供应链有限公司', '周芳鹏', '1380000007', '湖北省', '武汉', '东湖高新区光谷大道 17 号', 'ACTIVE', current_timestamp, current_timestamp);
insert into logistics_customer (id, customer_code, customer_name, contact_name, contact_phone, province, city, address, status, created_at, updated_at) values (260525120000078, 'CUST-0008', '上海星河供应链有限公司', '吴杰琳', '1380000008', '上海市', '上海', '浦东新区张江路 18 号', 'ACTIVE', current_timestamp, current_timestamp);
insert into logistics_customer (id, customer_code, customer_name, contact_name, contact_phone, province, city, address, status, created_at, updated_at) values (260525120000079, 'CUST-0009', '北京远航供应链有限公司', '郑娜超', '1380000009', '北京市', '北京', '朝阳区光华路 19 号', 'ACTIVE', current_timestamp, current_timestamp);
insert into logistics_customer (id, customer_code, customer_name, contact_name, contact_phone, province, city, address, status, created_at, updated_at) values (260525120000080, 'CUST-0010', '广州优品供应链有限公司', '林鹏悦', '1380000010', '广东省', '广州', '天河区软件路 20 号', 'ACTIVE', current_timestamp, current_timestamp);
insert into logistics_customer (id, customer_code, customer_name, contact_name, contact_phone, province, city, address, status, created_at, updated_at) values (260525120000081, 'CUST-0011', '深圳恒达供应链有限公司', '黄琳洋', '1380000011', '广东省', '深圳', '南山区科技路 21 号', 'ACTIVE', current_timestamp, current_timestamp);
insert into logistics_customer (id, customer_code, customer_name, contact_name, contact_phone, province, city, address, status, created_at, updated_at) values (260525120000082, 'CUST-0012', '杭州云仓供应链有限公司', '许超晨', '1380000012', '浙江省', '杭州', '滨江区江南大道 22 号', 'ACTIVE', current_timestamp, current_timestamp);
insert into logistics_customer (id, customer_code, customer_name, contact_name, contact_phone, province, city, address, status, created_at, updated_at) values (260525120000083, 'CUST-0013', '南京瑞丰供应链有限公司', '何悦静', '1380000013', '江苏省', '南京', '雨花台区软件大道 23 号', 'ACTIVE', current_timestamp, current_timestamp);
insert into logistics_customer (id, customer_code, customer_name, contact_name, contact_phone, province, city, address, status, created_at, updated_at) values (260525120000084, 'CUST-0014', '成都新程供应链有限公司', '郭洋明', '1380000014', '四川省', '成都', '高新区天府大道 24 号', 'ACTIVE', current_timestamp, current_timestamp);
insert into logistics_customer (id, customer_code, customer_name, contact_name, contact_phone, province, city, address, status, created_at, updated_at) values (260525120000085, 'CUST-0015', '武汉嘉运供应链有限公司', '高晨伟', '1380000015', '湖北省', '武汉', '东湖高新区光谷大道 25 号', 'ACTIVE', current_timestamp, current_timestamp);
insert into logistics_customer (id, customer_code, customer_name, contact_name, contact_phone, province, city, address, status, created_at, updated_at) values (260525120000086, 'CUST-0016', '上海星河供应链有限公司', '陈静敏', '1380000016', '上海市', '上海', '浦东新区张江路 26 号', 'ACTIVE', current_timestamp, current_timestamp);
insert into logistics_customer (id, customer_code, customer_name, contact_name, contact_phone, province, city, address, status, created_at, updated_at) values (260525120000087, 'CUST-0017', '北京远航供应链有限公司', '李明强', '1380000017', '北京市', '北京', '朝阳区光华路 27 号', 'ACTIVE', current_timestamp, current_timestamp);
insert into logistics_customer (id, customer_code, customer_name, contact_name, contact_phone, province, city, address, status, created_at, updated_at) values (260525120000088, 'CUST-0018', '广州优品供应链有限公司', '王伟婷', '1380000018', '广东省', '广州', '天河区软件路 28 号', 'ACTIVE', current_timestamp, current_timestamp);
insert into logistics_customer (id, customer_code, customer_name, contact_name, contact_phone, province, city, address, status, created_at, updated_at) values (260525120000089, 'CUST-0019', '深圳恒达供应链有限公司', '张敏磊', '1380000019', '广东省', '深圳', '南山区科技路 29 号', 'ACTIVE', current_timestamp, current_timestamp);
insert into logistics_customer (id, customer_code, customer_name, contact_name, contact_phone, province, city, address, status, created_at, updated_at) values (260525120000090, 'CUST-0020', '杭州云仓供应链有限公司', '刘强芳', '1380000020', '浙江省', '杭州', '滨江区江南大道 30 号', 'ACTIVE', current_timestamp, current_timestamp);
insert into logistics_customer (id, customer_code, customer_name, contact_name, contact_phone, province, city, address, status, created_at, updated_at) values (260525120000091, 'CUST-0021', '南京瑞丰供应链有限公司', '赵婷杰', '1380000021', '江苏省', '南京', '雨花台区软件大道 31 号', 'ACTIVE', current_timestamp, current_timestamp);
insert into logistics_customer (id, customer_code, customer_name, contact_name, contact_phone, province, city, address, status, created_at, updated_at) values (260525120000092, 'CUST-0022', '成都新程供应链有限公司', '孙磊娜', '1380000022', '四川省', '成都', '高新区天府大道 32 号', 'ACTIVE', current_timestamp, current_timestamp);
insert into logistics_customer (id, customer_code, customer_name, contact_name, contact_phone, province, city, address, status, created_at, updated_at) values (260525120000093, 'CUST-0023', '武汉嘉运供应链有限公司', '周芳鹏', '1380000023', '湖北省', '武汉', '东湖高新区光谷大道 33 号', 'ACTIVE', current_timestamp, current_timestamp);
insert into logistics_customer (id, customer_code, customer_name, contact_name, contact_phone, province, city, address, status, created_at, updated_at) values (260525120000094, 'CUST-0024', '上海星河供应链有限公司', '吴杰琳', '1380000024', '上海市', '上海', '浦东新区张江路 34 号', 'ACTIVE', current_timestamp, current_timestamp);
insert into logistics_customer (id, customer_code, customer_name, contact_name, contact_phone, province, city, address, status, created_at, updated_at) values (260525120000095, 'CUST-0025', '北京远航供应链有限公司', '郑娜超', '1380000025', '北京市', '北京', '朝阳区光华路 35 号', 'ACTIVE', current_timestamp, current_timestamp);
insert into logistics_customer (id, customer_code, customer_name, contact_name, contact_phone, province, city, address, status, created_at, updated_at) values (260525120000096, 'CUST-0026', '广州优品供应链有限公司', '林鹏悦', '1380000026', '广东省', '广州', '天河区软件路 36 号', 'ACTIVE', current_timestamp, current_timestamp);
insert into logistics_customer (id, customer_code, customer_name, contact_name, contact_phone, province, city, address, status, created_at, updated_at) values (260525120000097, 'CUST-0027', '深圳恒达供应链有限公司', '黄琳洋', '1380000027', '广东省', '深圳', '南山区科技路 37 号', 'ACTIVE', current_timestamp, current_timestamp);
insert into logistics_customer (id, customer_code, customer_name, contact_name, contact_phone, province, city, address, status, created_at, updated_at) values (260525120000098, 'CUST-0028', '杭州云仓供应链有限公司', '许超晨', '1380000028', '浙江省', '杭州', '滨江区江南大道 38 号', 'ACTIVE', current_timestamp, current_timestamp);
insert into logistics_customer (id, customer_code, customer_name, contact_name, contact_phone, province, city, address, status, created_at, updated_at) values (260525120000099, 'CUST-0029', '南京瑞丰供应链有限公司', '何悦静', '1380000029', '江苏省', '南京', '雨花台区软件大道 39 号', 'ACTIVE', current_timestamp, current_timestamp);
insert into logistics_customer (id, customer_code, customer_name, contact_name, contact_phone, province, city, address, status, created_at, updated_at) values (260525120000100, 'CUST-0030', '成都新程供应链有限公司', '郭洋明', '1380000030', '四川省', '成都', '高新区天府大道 40 号', 'ACTIVE', current_timestamp, current_timestamp);
insert into logistics_customer (id, customer_code, customer_name, contact_name, contact_phone, province, city, address, status, created_at, updated_at) values (260525120000101, 'CUST-0031', '武汉嘉运供应链有限公司', '高晨伟', '1380000031', '湖北省', '武汉', '东湖高新区光谷大道 41 号', 'ACTIVE', current_timestamp, current_timestamp);
insert into logistics_customer (id, customer_code, customer_name, contact_name, contact_phone, province, city, address, status, created_at, updated_at) values (260525120000102, 'CUST-0032', '上海星河供应链有限公司', '陈静敏', '1380000032', '上海市', '上海', '浦东新区张江路 42 号', 'ACTIVE', current_timestamp, current_timestamp);
insert into logistics_customer (id, customer_code, customer_name, contact_name, contact_phone, province, city, address, status, created_at, updated_at) values (260525120000103, 'CUST-0033', '北京远航供应链有限公司', '李明强', '1380000033', '北京市', '北京', '朝阳区光华路 43 号', 'ACTIVE', current_timestamp, current_timestamp);
insert into logistics_customer (id, customer_code, customer_name, contact_name, contact_phone, province, city, address, status, created_at, updated_at) values (260525120000104, 'CUST-0034', '广州优品供应链有限公司', '王伟婷', '1380000034', '广东省', '广州', '天河区软件路 44 号', 'ACTIVE', current_timestamp, current_timestamp);
insert into logistics_customer (id, customer_code, customer_name, contact_name, contact_phone, province, city, address, status, created_at, updated_at) values (260525120000105, 'CUST-0035', '深圳恒达供应链有限公司', '张敏磊', '1380000035', '广东省', '深圳', '南山区科技路 45 号', 'ACTIVE', current_timestamp, current_timestamp);
insert into logistics_customer (id, customer_code, customer_name, contact_name, contact_phone, province, city, address, status, created_at, updated_at) values (260525120000106, 'CUST-0036', '杭州云仓供应链有限公司', '刘强芳', '1380000036', '浙江省', '杭州', '滨江区江南大道 46 号', 'ACTIVE', current_timestamp, current_timestamp);
insert into logistics_customer (id, customer_code, customer_name, contact_name, contact_phone, province, city, address, status, created_at, updated_at) values (260525120000107, 'CUST-0037', '南京瑞丰供应链有限公司', '赵婷杰', '1380000037', '江苏省', '南京', '雨花台区软件大道 47 号', 'ACTIVE', current_timestamp, current_timestamp);
insert into logistics_customer (id, customer_code, customer_name, contact_name, contact_phone, province, city, address, status, created_at, updated_at) values (260525120000108, 'CUST-0038', '成都新程供应链有限公司', '孙磊娜', '1380000038', '四川省', '成都', '高新区天府大道 48 号', 'ACTIVE', current_timestamp, current_timestamp);
insert into logistics_customer (id, customer_code, customer_name, contact_name, contact_phone, province, city, address, status, created_at, updated_at) values (260525120000109, 'CUST-0039', '武汉嘉运供应链有限公司', '周芳鹏', '1380000039', '湖北省', '武汉', '东湖高新区光谷大道 49 号', 'ACTIVE', current_timestamp, current_timestamp);
insert into logistics_customer (id, customer_code, customer_name, contact_name, contact_phone, province, city, address, status, created_at, updated_at) values (260525120000110, 'CUST-0040', '上海星河供应链有限公司', '吴杰琳', '1380000040', '上海市', '上海', '浦东新区张江路 50 号', 'ACTIVE', current_timestamp, current_timestamp);
insert into logistics_customer (id, customer_code, customer_name, contact_name, contact_phone, province, city, address, status, created_at, updated_at) values (260525120000111, 'CUST-0041', '北京远航供应链有限公司', '郑娜超', '1380000041', '北京市', '北京', '朝阳区光华路 51 号', 'ACTIVE', current_timestamp, current_timestamp);
insert into logistics_customer (id, customer_code, customer_name, contact_name, contact_phone, province, city, address, status, created_at, updated_at) values (260525120000112, 'CUST-0042', '广州优品供应链有限公司', '林鹏悦', '1380000042', '广东省', '广州', '天河区软件路 52 号', 'ACTIVE', current_timestamp, current_timestamp);
insert into logistics_customer (id, customer_code, customer_name, contact_name, contact_phone, province, city, address, status, created_at, updated_at) values (260525120000113, 'CUST-0043', '深圳恒达供应链有限公司', '黄琳洋', '1380000043', '广东省', '深圳', '南山区科技路 53 号', 'ACTIVE', current_timestamp, current_timestamp);
insert into logistics_customer (id, customer_code, customer_name, contact_name, contact_phone, province, city, address, status, created_at, updated_at) values (260525120000114, 'CUST-0044', '杭州云仓供应链有限公司', '许超晨', '1380000044', '浙江省', '杭州', '滨江区江南大道 54 号', 'ACTIVE', current_timestamp, current_timestamp);
insert into logistics_customer (id, customer_code, customer_name, contact_name, contact_phone, province, city, address, status, created_at, updated_at) values (260525120000115, 'CUST-0045', '南京瑞丰供应链有限公司', '何悦静', '1380000045', '江苏省', '南京', '雨花台区软件大道 55 号', 'ACTIVE', current_timestamp, current_timestamp);
insert into logistics_customer (id, customer_code, customer_name, contact_name, contact_phone, province, city, address, status, created_at, updated_at) values (260525120000116, 'CUST-0046', '成都新程供应链有限公司', '郭洋明', '1380000046', '四川省', '成都', '高新区天府大道 56 号', 'ACTIVE', current_timestamp, current_timestamp);
insert into logistics_customer (id, customer_code, customer_name, contact_name, contact_phone, province, city, address, status, created_at, updated_at) values (260525120000117, 'CUST-0047', '武汉嘉运供应链有限公司', '高晨伟', '1380000047', '湖北省', '武汉', '东湖高新区光谷大道 57 号', 'ACTIVE', current_timestamp, current_timestamp);
insert into logistics_customer (id, customer_code, customer_name, contact_name, contact_phone, province, city, address, status, created_at, updated_at) values (260525120000118, 'CUST-0048', '上海星河供应链有限公司', '陈静敏', '1380000048', '上海市', '上海', '浦东新区张江路 58 号', 'ACTIVE', current_timestamp, current_timestamp);
insert into logistics_customer (id, customer_code, customer_name, contact_name, contact_phone, province, city, address, status, created_at, updated_at) values (260525120000119, 'CUST-0049', '北京远航供应链有限公司', '李明强', '1380000049', '北京市', '北京', '朝阳区光华路 59 号', 'ACTIVE', current_timestamp, current_timestamp);
insert into logistics_customer (id, customer_code, customer_name, contact_name, contact_phone, province, city, address, status, created_at, updated_at) values (260525120000120, 'CUST-0050', '广州优品供应链有限公司', '王伟婷', '1380000050', '广东省', '广州', '天河区软件路 60 号', 'ACTIVE', current_timestamp, current_timestamp);
insert into logistics_customer (id, customer_code, customer_name, contact_name, contact_phone, province, city, address, status, created_at, updated_at) values (260525120000121, 'CUST-0051', '深圳恒达供应链有限公司', '张敏磊', '1380000051', '广东省', '深圳', '南山区科技路 61 号', 'ACTIVE', current_timestamp, current_timestamp);
insert into logistics_customer (id, customer_code, customer_name, contact_name, contact_phone, province, city, address, status, created_at, updated_at) values (260525120000122, 'CUST-0052', '杭州云仓供应链有限公司', '刘强芳', '1380000052', '浙江省', '杭州', '滨江区江南大道 62 号', 'ACTIVE', current_timestamp, current_timestamp);
insert into logistics_customer (id, customer_code, customer_name, contact_name, contact_phone, province, city, address, status, created_at, updated_at) values (260525120000123, 'CUST-0053', '南京瑞丰供应链有限公司', '赵婷杰', '1380000053', '江苏省', '南京', '雨花台区软件大道 63 号', 'ACTIVE', current_timestamp, current_timestamp);
insert into logistics_customer (id, customer_code, customer_name, contact_name, contact_phone, province, city, address, status, created_at, updated_at) values (260525120000124, 'CUST-0054', '成都新程供应链有限公司', '孙磊娜', '1380000054', '四川省', '成都', '高新区天府大道 64 号', 'ACTIVE', current_timestamp, current_timestamp);
insert into logistics_customer (id, customer_code, customer_name, contact_name, contact_phone, province, city, address, status, created_at, updated_at) values (260525120000125, 'CUST-0055', '武汉嘉运供应链有限公司', '周芳鹏', '1380000055', '湖北省', '武汉', '东湖高新区光谷大道 65 号', 'ACTIVE', current_timestamp, current_timestamp);
insert into logistics_customer (id, customer_code, customer_name, contact_name, contact_phone, province, city, address, status, created_at, updated_at) values (260525120000126, 'CUST-0056', '上海星河供应链有限公司', '吴杰琳', '1380000056', '上海市', '上海', '浦东新区张江路 66 号', 'ACTIVE', current_timestamp, current_timestamp);
insert into logistics_customer (id, customer_code, customer_name, contact_name, contact_phone, province, city, address, status, created_at, updated_at) values (260525120000127, 'CUST-0057', '北京远航供应链有限公司', '郑娜超', '1380000057', '北京市', '北京', '朝阳区光华路 67 号', 'ACTIVE', current_timestamp, current_timestamp);
insert into logistics_customer (id, customer_code, customer_name, contact_name, contact_phone, province, city, address, status, created_at, updated_at) values (260525120000128, 'CUST-0058', '广州优品供应链有限公司', '林鹏悦', '1380000058', '广东省', '广州', '天河区软件路 68 号', 'ACTIVE', current_timestamp, current_timestamp);
insert into logistics_customer (id, customer_code, customer_name, contact_name, contact_phone, province, city, address, status, created_at, updated_at) values (260525120000129, 'CUST-0059', '深圳恒达供应链有限公司', '黄琳洋', '1380000059', '广东省', '深圳', '南山区科技路 69 号', 'ACTIVE', current_timestamp, current_timestamp);
insert into logistics_customer (id, customer_code, customer_name, contact_name, contact_phone, province, city, address, status, created_at, updated_at) values (260525120000130, 'CUST-0060', '杭州云仓供应链有限公司', '许超晨', '1380000060', '浙江省', '杭州', '滨江区江南大道 70 号', 'ACTIVE', current_timestamp, current_timestamp);
insert into logistics_customer (id, customer_code, customer_name, contact_name, contact_phone, province, city, address, status, created_at, updated_at) values (260525120000131, 'CUST-0061', '南京瑞丰供应链有限公司', '何悦静', '1380000061', '江苏省', '南京', '雨花台区软件大道 71 号', 'ACTIVE', current_timestamp, current_timestamp);
insert into logistics_customer (id, customer_code, customer_name, contact_name, contact_phone, province, city, address, status, created_at, updated_at) values (260525120000132, 'CUST-0062', '成都新程供应链有限公司', '郭洋明', '1380000062', '四川省', '成都', '高新区天府大道 72 号', 'ACTIVE', current_timestamp, current_timestamp);
insert into logistics_customer (id, customer_code, customer_name, contact_name, contact_phone, province, city, address, status, created_at, updated_at) values (260525120000133, 'CUST-0063', '武汉嘉运供应链有限公司', '高晨伟', '1380000063', '湖北省', '武汉', '东湖高新区光谷大道 73 号', 'ACTIVE', current_timestamp, current_timestamp);
insert into logistics_customer (id, customer_code, customer_name, contact_name, contact_phone, province, city, address, status, created_at, updated_at) values (260525120000134, 'CUST-0064', '上海星河供应链有限公司', '陈静敏', '1380000064', '上海市', '上海', '浦东新区张江路 74 号', 'ACTIVE', current_timestamp, current_timestamp);
insert into logistics_customer (id, customer_code, customer_name, contact_name, contact_phone, province, city, address, status, created_at, updated_at) values (260525120000135, 'CUST-0065', '北京远航供应链有限公司', '李明强', '1380000065', '北京市', '北京', '朝阳区光华路 75 号', 'ACTIVE', current_timestamp, current_timestamp);
insert into logistics_customer (id, customer_code, customer_name, contact_name, contact_phone, province, city, address, status, created_at, updated_at) values (260525120000136, 'CUST-0066', '广州优品供应链有限公司', '王伟婷', '1380000066', '广东省', '广州', '天河区软件路 76 号', 'ACTIVE', current_timestamp, current_timestamp);
insert into logistics_customer (id, customer_code, customer_name, contact_name, contact_phone, province, city, address, status, created_at, updated_at) values (260525120000137, 'CUST-0067', '深圳恒达供应链有限公司', '张敏磊', '1380000067', '广东省', '深圳', '南山区科技路 77 号', 'ACTIVE', current_timestamp, current_timestamp);
insert into logistics_customer (id, customer_code, customer_name, contact_name, contact_phone, province, city, address, status, created_at, updated_at) values (260525120000138, 'CUST-0068', '杭州云仓供应链有限公司', '刘强芳', '1380000068', '浙江省', '杭州', '滨江区江南大道 78 号', 'ACTIVE', current_timestamp, current_timestamp);
insert into logistics_customer (id, customer_code, customer_name, contact_name, contact_phone, province, city, address, status, created_at, updated_at) values (260525120000139, 'CUST-0069', '南京瑞丰供应链有限公司', '赵婷杰', '1380000069', '江苏省', '南京', '雨花台区软件大道 79 号', 'ACTIVE', current_timestamp, current_timestamp);
insert into logistics_customer (id, customer_code, customer_name, contact_name, contact_phone, province, city, address, status, created_at, updated_at) values (260525120000140, 'CUST-0070', '成都新程供应链有限公司', '孙磊娜', '1380000070', '四川省', '成都', '高新区天府大道 80 号', 'ACTIVE', current_timestamp, current_timestamp);
insert into logistics_customer (id, customer_code, customer_name, contact_name, contact_phone, province, city, address, status, created_at, updated_at) values (260525120000141, 'CUST-0071', '武汉嘉运供应链有限公司', '周芳鹏', '1380000071', '湖北省', '武汉', '东湖高新区光谷大道 81 号', 'ACTIVE', current_timestamp, current_timestamp);
insert into logistics_customer (id, customer_code, customer_name, contact_name, contact_phone, province, city, address, status, created_at, updated_at) values (260525120000142, 'CUST-0072', '上海星河供应链有限公司', '吴杰琳', '1380000072', '上海市', '上海', '浦东新区张江路 82 号', 'ACTIVE', current_timestamp, current_timestamp);
insert into logistics_customer (id, customer_code, customer_name, contact_name, contact_phone, province, city, address, status, created_at, updated_at) values (260525120000143, 'CUST-0073', '北京远航供应链有限公司', '郑娜超', '1380000073', '北京市', '北京', '朝阳区光华路 83 号', 'ACTIVE', current_timestamp, current_timestamp);
insert into logistics_customer (id, customer_code, customer_name, contact_name, contact_phone, province, city, address, status, created_at, updated_at) values (260525120000144, 'CUST-0074', '广州优品供应链有限公司', '林鹏悦', '1380000074', '广东省', '广州', '天河区软件路 84 号', 'ACTIVE', current_timestamp, current_timestamp);
insert into logistics_customer (id, customer_code, customer_name, contact_name, contact_phone, province, city, address, status, created_at, updated_at) values (260525120000145, 'CUST-0075', '深圳恒达供应链有限公司', '黄琳洋', '1380000075', '广东省', '深圳', '南山区科技路 85 号', 'ACTIVE', current_timestamp, current_timestamp);
insert into logistics_customer (id, customer_code, customer_name, contact_name, contact_phone, province, city, address, status, created_at, updated_at) values (260525120000146, 'CUST-0076', '杭州云仓供应链有限公司', '许超晨', '1380000076', '浙江省', '杭州', '滨江区江南大道 86 号', 'ACTIVE', current_timestamp, current_timestamp);
insert into logistics_customer (id, customer_code, customer_name, contact_name, contact_phone, province, city, address, status, created_at, updated_at) values (260525120000147, 'CUST-0077', '南京瑞丰供应链有限公司', '何悦静', '1380000077', '江苏省', '南京', '雨花台区软件大道 87 号', 'ACTIVE', current_timestamp, current_timestamp);
insert into logistics_customer (id, customer_code, customer_name, contact_name, contact_phone, province, city, address, status, created_at, updated_at) values (260525120000148, 'CUST-0078', '成都新程供应链有限公司', '郭洋明', '1380000078', '四川省', '成都', '高新区天府大道 88 号', 'ACTIVE', current_timestamp, current_timestamp);
insert into logistics_customer (id, customer_code, customer_name, contact_name, contact_phone, province, city, address, status, created_at, updated_at) values (260525120000149, 'CUST-0079', '武汉嘉运供应链有限公司', '高晨伟', '1380000079', '湖北省', '武汉', '东湖高新区光谷大道 89 号', 'ACTIVE', current_timestamp, current_timestamp);
insert into logistics_customer (id, customer_code, customer_name, contact_name, contact_phone, province, city, address, status, created_at, updated_at) values (260525120000150, 'CUST-0080', '上海星河供应链有限公司', '陈静敏', '1380000080', '上海市', '上海', '浦东新区张江路 90 号', 'ACTIVE', current_timestamp, current_timestamp);
insert into logistics_customer (id, customer_code, customer_name, contact_name, contact_phone, province, city, address, status, created_at, updated_at) values (260525120000151, 'CUST-0081', '北京远航供应链有限公司', '李明强', '1380000081', '北京市', '北京', '朝阳区光华路 91 号', 'ACTIVE', current_timestamp, current_timestamp);
insert into logistics_customer (id, customer_code, customer_name, contact_name, contact_phone, province, city, address, status, created_at, updated_at) values (260525120000152, 'CUST-0082', '广州优品供应链有限公司', '王伟婷', '1380000082', '广东省', '广州', '天河区软件路 92 号', 'ACTIVE', current_timestamp, current_timestamp);
insert into logistics_customer (id, customer_code, customer_name, contact_name, contact_phone, province, city, address, status, created_at, updated_at) values (260525120000153, 'CUST-0083', '深圳恒达供应链有限公司', '张敏磊', '1380000083', '广东省', '深圳', '南山区科技路 93 号', 'ACTIVE', current_timestamp, current_timestamp);
insert into logistics_customer (id, customer_code, customer_name, contact_name, contact_phone, province, city, address, status, created_at, updated_at) values (260525120000154, 'CUST-0084', '杭州云仓供应链有限公司', '刘强芳', '1380000084', '浙江省', '杭州', '滨江区江南大道 94 号', 'ACTIVE', current_timestamp, current_timestamp);
insert into logistics_customer (id, customer_code, customer_name, contact_name, contact_phone, province, city, address, status, created_at, updated_at) values (260525120000155, 'CUST-0085', '南京瑞丰供应链有限公司', '赵婷杰', '1380000085', '江苏省', '南京', '雨花台区软件大道 95 号', 'ACTIVE', current_timestamp, current_timestamp);
insert into logistics_customer (id, customer_code, customer_name, contact_name, contact_phone, province, city, address, status, created_at, updated_at) values (260525120000156, 'CUST-0086', '成都新程供应链有限公司', '孙磊娜', '1380000086', '四川省', '成都', '高新区天府大道 96 号', 'ACTIVE', current_timestamp, current_timestamp);
insert into logistics_customer (id, customer_code, customer_name, contact_name, contact_phone, province, city, address, status, created_at, updated_at) values (260525120000157, 'CUST-0087', '武汉嘉运供应链有限公司', '周芳鹏', '1380000087', '湖北省', '武汉', '东湖高新区光谷大道 97 号', 'ACTIVE', current_timestamp, current_timestamp);
insert into logistics_customer (id, customer_code, customer_name, contact_name, contact_phone, province, city, address, status, created_at, updated_at) values (260525120000158, 'CUST-0088', '上海星河供应链有限公司', '吴杰琳', '1380000088', '上海市', '上海', '浦东新区张江路 98 号', 'ACTIVE', current_timestamp, current_timestamp);
insert into logistics_customer (id, customer_code, customer_name, contact_name, contact_phone, province, city, address, status, created_at, updated_at) values (260525120000159, 'CUST-0089', '北京远航供应链有限公司', '郑娜超', '1380000089', '北京市', '北京', '朝阳区光华路 99 号', 'ACTIVE', current_timestamp, current_timestamp);
insert into logistics_customer (id, customer_code, customer_name, contact_name, contact_phone, province, city, address, status, created_at, updated_at) values (260525120000160, 'CUST-0090', '广州优品供应链有限公司', '林鹏悦', '1380000090', '广东省', '广州', '天河区软件路 100 号', 'ACTIVE', current_timestamp, current_timestamp);
insert into logistics_customer (id, customer_code, customer_name, contact_name, contact_phone, province, city, address, status, created_at, updated_at) values (260525120000161, 'CUST-0091', '深圳恒达供应链有限公司', '黄琳洋', '1380000091', '广东省', '深圳', '南山区科技路 101 号', 'ACTIVE', current_timestamp, current_timestamp);
insert into logistics_customer (id, customer_code, customer_name, contact_name, contact_phone, province, city, address, status, created_at, updated_at) values (260525120000162, 'CUST-0092', '杭州云仓供应链有限公司', '许超晨', '1380000092', '浙江省', '杭州', '滨江区江南大道 102 号', 'ACTIVE', current_timestamp, current_timestamp);
insert into logistics_customer (id, customer_code, customer_name, contact_name, contact_phone, province, city, address, status, created_at, updated_at) values (260525120000163, 'CUST-0093', '南京瑞丰供应链有限公司', '何悦静', '1380000093', '江苏省', '南京', '雨花台区软件大道 103 号', 'ACTIVE', current_timestamp, current_timestamp);
insert into logistics_customer (id, customer_code, customer_name, contact_name, contact_phone, province, city, address, status, created_at, updated_at) values (260525120000164, 'CUST-0094', '成都新程供应链有限公司', '郭洋明', '1380000094', '四川省', '成都', '高新区天府大道 104 号', 'ACTIVE', current_timestamp, current_timestamp);
insert into logistics_customer (id, customer_code, customer_name, contact_name, contact_phone, province, city, address, status, created_at, updated_at) values (260525120000165, 'CUST-0095', '武汉嘉运供应链有限公司', '高晨伟', '1380000095', '湖北省', '武汉', '东湖高新区光谷大道 105 号', 'ACTIVE', current_timestamp, current_timestamp);
insert into logistics_customer (id, customer_code, customer_name, contact_name, contact_phone, province, city, address, status, created_at, updated_at) values (260525120000166, 'CUST-0096', '上海星河供应链有限公司', '陈静敏', '1380000096', '上海市', '上海', '浦东新区张江路 106 号', 'ACTIVE', current_timestamp, current_timestamp);
insert into logistics_customer (id, customer_code, customer_name, contact_name, contact_phone, province, city, address, status, created_at, updated_at) values (260525120000167, 'CUST-0097', '北京远航供应链有限公司', '李明强', '1380000097', '北京市', '北京', '朝阳区光华路 107 号', 'ACTIVE', current_timestamp, current_timestamp);
insert into logistics_customer (id, customer_code, customer_name, contact_name, contact_phone, province, city, address, status, created_at, updated_at) values (260525120000168, 'CUST-0098', '广州优品供应链有限公司', '王伟婷', '1380000098', '广东省', '广州', '天河区软件路 108 号', 'ACTIVE', current_timestamp, current_timestamp);
insert into logistics_customer (id, customer_code, customer_name, contact_name, contact_phone, province, city, address, status, created_at, updated_at) values (260525120000169, 'CUST-0099', '深圳恒达供应链有限公司', '张敏磊', '1380000099', '广东省', '深圳', '南山区科技路 109 号', 'ACTIVE', current_timestamp, current_timestamp);
insert into logistics_customer (id, customer_code, customer_name, contact_name, contact_phone, province, city, address, status, created_at, updated_at) values (260525120000170, 'CUST-0100', '杭州云仓供应链有限公司', '刘强芳', '1380000100', '浙江省', '杭州', '滨江区江南大道 110 号', 'ACTIVE', current_timestamp, current_timestamp);
insert into logistics_warehouse (id, warehouse_code, warehouse_name, province, city, address, manager_name, contact_phone, capacity_cubic, status, created_at, updated_at) values (260525120000171, 'WH-01', '上海中心仓', '上海市', '上海', '浦东新区张江路物流园', '李明仓', '13900020001', 9800.00, 'ACTIVE', current_timestamp, current_timestamp);
insert into logistics_warehouse (id, warehouse_code, warehouse_name, province, city, address, manager_name, contact_phone, capacity_cubic, status, created_at, updated_at) values (260525120000172, 'WH-02', '北京中心仓', '北京市', '北京', '朝阳区光华路物流园', '王伟仓', '13900020002', 10600.00, 'ACTIVE', current_timestamp, current_timestamp);
insert into logistics_warehouse (id, warehouse_code, warehouse_name, province, city, address, manager_name, contact_phone, capacity_cubic, status, created_at, updated_at) values (260525120000173, 'WH-03', '广州中心仓', '广东省', '广州', '天河区软件路物流园', '张敏仓', '13900020003', 11400.00, 'ACTIVE', current_timestamp, current_timestamp);
insert into logistics_warehouse (id, warehouse_code, warehouse_name, province, city, address, manager_name, contact_phone, capacity_cubic, status, created_at, updated_at) values (260525120000174, 'WH-04', '深圳中心仓', '广东省', '深圳', '南山区科技路物流园', '刘强仓', '13900020004', 12200.00, 'ACTIVE', current_timestamp, current_timestamp);
insert into logistics_warehouse (id, warehouse_code, warehouse_name, province, city, address, manager_name, contact_phone, capacity_cubic, status, created_at, updated_at) values (260525120000175, 'WH-05', '杭州中心仓', '浙江省', '杭州', '滨江区江南大道物流园', '赵婷仓', '13900020005', 13000.00, 'ACTIVE', current_timestamp, current_timestamp);
insert into logistics_warehouse (id, warehouse_code, warehouse_name, province, city, address, manager_name, contact_phone, capacity_cubic, status, created_at, updated_at) values (260525120000176, 'WH-06', '南京中心仓', '江苏省', '南京', '雨花台区软件大道物流园', '孙磊仓', '13900020006', 13800.00, 'ACTIVE', current_timestamp, current_timestamp);
insert into logistics_warehouse (id, warehouse_code, warehouse_name, province, city, address, manager_name, contact_phone, capacity_cubic, status, created_at, updated_at) values (260525120000177, 'WH-07', '成都中心仓', '四川省', '成都', '高新区天府大道物流园', '周芳仓', '13900020007', 14600.00, 'ACTIVE', current_timestamp, current_timestamp);
insert into logistics_warehouse (id, warehouse_code, warehouse_name, province, city, address, manager_name, contact_phone, capacity_cubic, status, created_at, updated_at) values (260525120000178, 'WH-08', '武汉中心仓', '湖北省', '武汉', '东湖高新区光谷大道物流园', '吴杰仓', '13900020008', 15400.00, 'ACTIVE', current_timestamp, current_timestamp);
insert into logistics_driver (id, driver_code, driver_name, phone, license_no, license_type, status, created_at, updated_at) values (260525120000179, 'DRV-0001', '李伟婷', '1370000001', 'A2-310001', 'A2', 'AVAILABLE', current_timestamp, current_timestamp);
insert into logistics_driver (id, driver_code, driver_name, phone, license_no, license_type, status, created_at, updated_at) values (260525120000180, 'DRV-0002', '王敏磊', '1370000002', 'A2-310002', 'A2', 'AVAILABLE', current_timestamp, current_timestamp);
insert into logistics_driver (id, driver_code, driver_name, phone, license_no, license_type, status, created_at, updated_at) values (260525120000181, 'DRV-0003', '张强芳', '1370000003', 'A2-310003', 'B2', 'AVAILABLE', current_timestamp, current_timestamp);
insert into logistics_driver (id, driver_code, driver_name, phone, license_no, license_type, status, created_at, updated_at) values (260525120000182, 'DRV-0004', '刘婷杰', '1370000004', 'A2-310004', 'A2', 'AVAILABLE', current_timestamp, current_timestamp);
insert into logistics_driver (id, driver_code, driver_name, phone, license_no, license_type, status, created_at, updated_at) values (260525120000183, 'DRV-0005', '赵磊娜', '1370000005', 'A2-310005', 'A2', 'ON_ROUTE', current_timestamp, current_timestamp);
insert into logistics_driver (id, driver_code, driver_name, phone, license_no, license_type, status, created_at, updated_at) values (260525120000184, 'DRV-0006', '孙芳鹏', '1370000006', 'A2-310006', 'B2', 'AVAILABLE', current_timestamp, current_timestamp);
insert into logistics_driver (id, driver_code, driver_name, phone, license_no, license_type, status, created_at, updated_at) values (260525120000185, 'DRV-0007', '周杰琳', '1370000007', 'A2-310007', 'A2', 'AVAILABLE', current_timestamp, current_timestamp);
insert into logistics_driver (id, driver_code, driver_name, phone, license_no, license_type, status, created_at, updated_at) values (260525120000186, 'DRV-0008', '吴娜超', '1370000008', 'A2-310008', 'A2', 'AVAILABLE', current_timestamp, current_timestamp);
insert into logistics_driver (id, driver_code, driver_name, phone, license_no, license_type, status, created_at, updated_at) values (260525120000187, 'DRV-0009', '郑鹏悦', '1370000009', 'A2-310009', 'B2', 'AVAILABLE', current_timestamp, current_timestamp);
insert into logistics_driver (id, driver_code, driver_name, phone, license_no, license_type, status, created_at, updated_at) values (260525120000188, 'DRV-0010', '林琳洋', '1370000010', 'A2-310010', 'A2', 'ON_ROUTE', current_timestamp, current_timestamp);
insert into logistics_driver (id, driver_code, driver_name, phone, license_no, license_type, status, created_at, updated_at) values (260525120000189, 'DRV-0011', '黄超晨', '1370000011', 'A2-310011', 'A2', 'AVAILABLE', current_timestamp, current_timestamp);
insert into logistics_driver (id, driver_code, driver_name, phone, license_no, license_type, status, created_at, updated_at) values (260525120000190, 'DRV-0012', '许悦静', '1370000012', 'A2-310012', 'B2', 'AVAILABLE', current_timestamp, current_timestamp);
insert into logistics_driver (id, driver_code, driver_name, phone, license_no, license_type, status, created_at, updated_at) values (260525120000191, 'DRV-0013', '何洋明', '1370000013', 'A2-310013', 'A2', 'AVAILABLE', current_timestamp, current_timestamp);
insert into logistics_driver (id, driver_code, driver_name, phone, license_no, license_type, status, created_at, updated_at) values (260525120000192, 'DRV-0014', '郭晨伟', '1370000014', 'A2-310014', 'A2', 'AVAILABLE', current_timestamp, current_timestamp);
insert into logistics_driver (id, driver_code, driver_name, phone, license_no, license_type, status, created_at, updated_at) values (260525120000193, 'DRV-0015', '高静敏', '1370000015', 'A2-310015', 'B2', 'ON_ROUTE', current_timestamp, current_timestamp);
insert into logistics_driver (id, driver_code, driver_name, phone, license_no, license_type, status, created_at, updated_at) values (260525120000194, 'DRV-0016', '陈明强', '1370000016', 'A2-310016', 'A2', 'AVAILABLE', current_timestamp, current_timestamp);
insert into logistics_driver (id, driver_code, driver_name, phone, license_no, license_type, status, created_at, updated_at) values (260525120000195, 'DRV-0017', '李伟婷', '1370000017', 'A2-310017', 'A2', 'AVAILABLE', current_timestamp, current_timestamp);
insert into logistics_driver (id, driver_code, driver_name, phone, license_no, license_type, status, created_at, updated_at) values (260525120000196, 'DRV-0018', '王敏磊', '1370000018', 'A2-310018', 'B2', 'AVAILABLE', current_timestamp, current_timestamp);
insert into logistics_driver (id, driver_code, driver_name, phone, license_no, license_type, status, created_at, updated_at) values (260525120000197, 'DRV-0019', '张强芳', '1370000019', 'A2-310019', 'A2', 'AVAILABLE', current_timestamp, current_timestamp);
insert into logistics_driver (id, driver_code, driver_name, phone, license_no, license_type, status, created_at, updated_at) values (260525120000198, 'DRV-0020', '刘婷杰', '1370000020', 'A2-310020', 'A2', 'ON_ROUTE', current_timestamp, current_timestamp);
insert into logistics_driver (id, driver_code, driver_name, phone, license_no, license_type, status, created_at, updated_at) values (260525120000199, 'DRV-0021', '赵磊娜', '1370000021', 'A2-310021', 'B2', 'AVAILABLE', current_timestamp, current_timestamp);
insert into logistics_driver (id, driver_code, driver_name, phone, license_no, license_type, status, created_at, updated_at) values (260525120000200, 'DRV-0022', '孙芳鹏', '1370000022', 'A2-310022', 'A2', 'AVAILABLE', current_timestamp, current_timestamp);
insert into logistics_driver (id, driver_code, driver_name, phone, license_no, license_type, status, created_at, updated_at) values (260525120000201, 'DRV-0023', '周杰琳', '1370000023', 'A2-310023', 'A2', 'AVAILABLE', current_timestamp, current_timestamp);
insert into logistics_driver (id, driver_code, driver_name, phone, license_no, license_type, status, created_at, updated_at) values (260525120000202, 'DRV-0024', '吴娜超', '1370000024', 'A2-310024', 'B2', 'AVAILABLE', current_timestamp, current_timestamp);
insert into logistics_driver (id, driver_code, driver_name, phone, license_no, license_type, status, created_at, updated_at) values (260525120000203, 'DRV-0025', '郑鹏悦', '1370000025', 'A2-310025', 'A2', 'ON_ROUTE', current_timestamp, current_timestamp);
insert into logistics_driver (id, driver_code, driver_name, phone, license_no, license_type, status, created_at, updated_at) values (260525120000204, 'DRV-0026', '林琳洋', '1370000026', 'A2-310026', 'A2', 'AVAILABLE', current_timestamp, current_timestamp);
insert into logistics_driver (id, driver_code, driver_name, phone, license_no, license_type, status, created_at, updated_at) values (260525120000205, 'DRV-0027', '黄超晨', '1370000027', 'A2-310027', 'B2', 'AVAILABLE', current_timestamp, current_timestamp);
insert into logistics_driver (id, driver_code, driver_name, phone, license_no, license_type, status, created_at, updated_at) values (260525120000206, 'DRV-0028', '许悦静', '1370000028', 'A2-310028', 'A2', 'AVAILABLE', current_timestamp, current_timestamp);
insert into logistics_driver (id, driver_code, driver_name, phone, license_no, license_type, status, created_at, updated_at) values (260525120000207, 'DRV-0029', '何洋明', '1370000029', 'A2-310029', 'A2', 'AVAILABLE', current_timestamp, current_timestamp);
insert into logistics_driver (id, driver_code, driver_name, phone, license_no, license_type, status, created_at, updated_at) values (260525120000208, 'DRV-0030', '郭晨伟', '1370000030', 'A2-310030', 'B2', 'ON_ROUTE', current_timestamp, current_timestamp);
insert into logistics_driver (id, driver_code, driver_name, phone, license_no, license_type, status, created_at, updated_at) values (260525120000209, 'DRV-0031', '高静敏', '1370000031', 'A2-310031', 'A2', 'AVAILABLE', current_timestamp, current_timestamp);
insert into logistics_driver (id, driver_code, driver_name, phone, license_no, license_type, status, created_at, updated_at) values (260525120000210, 'DRV-0032', '陈明强', '1370000032', 'A2-310032', 'A2', 'AVAILABLE', current_timestamp, current_timestamp);
insert into logistics_driver (id, driver_code, driver_name, phone, license_no, license_type, status, created_at, updated_at) values (260525120000211, 'DRV-0033', '李伟婷', '1370000033', 'A2-310033', 'B2', 'AVAILABLE', current_timestamp, current_timestamp);
insert into logistics_driver (id, driver_code, driver_name, phone, license_no, license_type, status, created_at, updated_at) values (260525120000212, 'DRV-0034', '王敏磊', '1370000034', 'A2-310034', 'A2', 'AVAILABLE', current_timestamp, current_timestamp);
insert into logistics_driver (id, driver_code, driver_name, phone, license_no, license_type, status, created_at, updated_at) values (260525120000213, 'DRV-0035', '张强芳', '1370000035', 'A2-310035', 'A2', 'ON_ROUTE', current_timestamp, current_timestamp);
insert into logistics_driver (id, driver_code, driver_name, phone, license_no, license_type, status, created_at, updated_at) values (260525120000214, 'DRV-0036', '刘婷杰', '1370000036', 'A2-310036', 'B2', 'AVAILABLE', current_timestamp, current_timestamp);
insert into logistics_driver (id, driver_code, driver_name, phone, license_no, license_type, status, created_at, updated_at) values (260525120000215, 'DRV-0037', '赵磊娜', '1370000037', 'A2-310037', 'A2', 'AVAILABLE', current_timestamp, current_timestamp);
insert into logistics_driver (id, driver_code, driver_name, phone, license_no, license_type, status, created_at, updated_at) values (260525120000216, 'DRV-0038', '孙芳鹏', '1370000038', 'A2-310038', 'A2', 'AVAILABLE', current_timestamp, current_timestamp);
insert into logistics_driver (id, driver_code, driver_name, phone, license_no, license_type, status, created_at, updated_at) values (260525120000217, 'DRV-0039', '周杰琳', '1370000039', 'A2-310039', 'B2', 'AVAILABLE', current_timestamp, current_timestamp);
insert into logistics_driver (id, driver_code, driver_name, phone, license_no, license_type, status, created_at, updated_at) values (260525120000218, 'DRV-0040', '吴娜超', '1370000040', 'A2-310040', 'A2', 'ON_ROUTE', current_timestamp, current_timestamp);
insert into logistics_driver (id, driver_code, driver_name, phone, license_no, license_type, status, created_at, updated_at) values (260525120000219, 'DRV-0041', '郑鹏悦', '1370000041', 'A2-310041', 'A2', 'AVAILABLE', current_timestamp, current_timestamp);
insert into logistics_driver (id, driver_code, driver_name, phone, license_no, license_type, status, created_at, updated_at) values (260525120000220, 'DRV-0042', '林琳洋', '1370000042', 'A2-310042', 'B2', 'AVAILABLE', current_timestamp, current_timestamp);
insert into logistics_driver (id, driver_code, driver_name, phone, license_no, license_type, status, created_at, updated_at) values (260525120000221, 'DRV-0043', '黄超晨', '1370000043', 'A2-310043', 'A2', 'AVAILABLE', current_timestamp, current_timestamp);
insert into logistics_driver (id, driver_code, driver_name, phone, license_no, license_type, status, created_at, updated_at) values (260525120000222, 'DRV-0044', '许悦静', '1370000044', 'A2-310044', 'A2', 'AVAILABLE', current_timestamp, current_timestamp);
insert into logistics_driver (id, driver_code, driver_name, phone, license_no, license_type, status, created_at, updated_at) values (260525120000223, 'DRV-0045', '何洋明', '1370000045', 'A2-310045', 'B2', 'ON_ROUTE', current_timestamp, current_timestamp);
insert into logistics_driver (id, driver_code, driver_name, phone, license_no, license_type, status, created_at, updated_at) values (260525120000224, 'DRV-0046', '郭晨伟', '1370000046', 'A2-310046', 'A2', 'AVAILABLE', current_timestamp, current_timestamp);
insert into logistics_driver (id, driver_code, driver_name, phone, license_no, license_type, status, created_at, updated_at) values (260525120000225, 'DRV-0047', '高静敏', '1370000047', 'A2-310047', 'A2', 'AVAILABLE', current_timestamp, current_timestamp);
insert into logistics_driver (id, driver_code, driver_name, phone, license_no, license_type, status, created_at, updated_at) values (260525120000226, 'DRV-0048', '陈明强', '1370000048', 'A2-310048', 'B2', 'AVAILABLE', current_timestamp, current_timestamp);
insert into logistics_driver (id, driver_code, driver_name, phone, license_no, license_type, status, created_at, updated_at) values (260525120000227, 'DRV-0049', '李伟婷', '1370000049', 'A2-310049', 'A2', 'AVAILABLE', current_timestamp, current_timestamp);
insert into logistics_driver (id, driver_code, driver_name, phone, license_no, license_type, status, created_at, updated_at) values (260525120000228, 'DRV-0050', '王敏磊', '1370000050', 'A2-310050', 'A2', 'ON_ROUTE', current_timestamp, current_timestamp);
insert into logistics_driver (id, driver_code, driver_name, phone, license_no, license_type, status, created_at, updated_at) values (260525120000229, 'DRV-0051', '张强芳', '1370000051', 'A2-310051', 'B2', 'AVAILABLE', current_timestamp, current_timestamp);
insert into logistics_driver (id, driver_code, driver_name, phone, license_no, license_type, status, created_at, updated_at) values (260525120000230, 'DRV-0052', '刘婷杰', '1370000052', 'A2-310052', 'A2', 'AVAILABLE', current_timestamp, current_timestamp);
insert into logistics_driver (id, driver_code, driver_name, phone, license_no, license_type, status, created_at, updated_at) values (260525120000231, 'DRV-0053', '赵磊娜', '1370000053', 'A2-310053', 'A2', 'AVAILABLE', current_timestamp, current_timestamp);
insert into logistics_driver (id, driver_code, driver_name, phone, license_no, license_type, status, created_at, updated_at) values (260525120000232, 'DRV-0054', '孙芳鹏', '1370000054', 'A2-310054', 'B2', 'AVAILABLE', current_timestamp, current_timestamp);
insert into logistics_driver (id, driver_code, driver_name, phone, license_no, license_type, status, created_at, updated_at) values (260525120000233, 'DRV-0055', '周杰琳', '1370000055', 'A2-310055', 'A2', 'ON_ROUTE', current_timestamp, current_timestamp);
insert into logistics_driver (id, driver_code, driver_name, phone, license_no, license_type, status, created_at, updated_at) values (260525120000234, 'DRV-0056', '吴娜超', '1370000056', 'A2-310056', 'A2', 'AVAILABLE', current_timestamp, current_timestamp);
insert into logistics_driver (id, driver_code, driver_name, phone, license_no, license_type, status, created_at, updated_at) values (260525120000235, 'DRV-0057', '郑鹏悦', '1370000057', 'A2-310057', 'B2', 'AVAILABLE', current_timestamp, current_timestamp);
insert into logistics_driver (id, driver_code, driver_name, phone, license_no, license_type, status, created_at, updated_at) values (260525120000236, 'DRV-0058', '林琳洋', '1370000058', 'A2-310058', 'A2', 'AVAILABLE', current_timestamp, current_timestamp);
insert into logistics_driver (id, driver_code, driver_name, phone, license_no, license_type, status, created_at, updated_at) values (260525120000237, 'DRV-0059', '黄超晨', '1370000059', 'A2-310059', 'A2', 'AVAILABLE', current_timestamp, current_timestamp);
insert into logistics_driver (id, driver_code, driver_name, phone, license_no, license_type, status, created_at, updated_at) values (260525120000238, 'DRV-0060', '许悦静', '1370000060', 'A2-310060', 'B2', 'ON_ROUTE', current_timestamp, current_timestamp);
insert into logistics_driver (id, driver_code, driver_name, phone, license_no, license_type, status, created_at, updated_at) values (260525120000239, 'DRV-0061', '何洋明', '1370000061', 'A2-310061', 'A2', 'AVAILABLE', current_timestamp, current_timestamp);
insert into logistics_driver (id, driver_code, driver_name, phone, license_no, license_type, status, created_at, updated_at) values (260525120000240, 'DRV-0062', '郭晨伟', '1370000062', 'A2-310062', 'A2', 'AVAILABLE', current_timestamp, current_timestamp);
insert into logistics_driver (id, driver_code, driver_name, phone, license_no, license_type, status, created_at, updated_at) values (260525120000241, 'DRV-0063', '高静敏', '1370000063', 'A2-310063', 'B2', 'AVAILABLE', current_timestamp, current_timestamp);
insert into logistics_driver (id, driver_code, driver_name, phone, license_no, license_type, status, created_at, updated_at) values (260525120000242, 'DRV-0064', '陈明强', '1370000064', 'A2-310064', 'A2', 'AVAILABLE', current_timestamp, current_timestamp);
insert into logistics_driver (id, driver_code, driver_name, phone, license_no, license_type, status, created_at, updated_at) values (260525120000243, 'DRV-0065', '李伟婷', '1370000065', 'A2-310065', 'A2', 'ON_ROUTE', current_timestamp, current_timestamp);
insert into logistics_driver (id, driver_code, driver_name, phone, license_no, license_type, status, created_at, updated_at) values (260525120000244, 'DRV-0066', '王敏磊', '1370000066', 'A2-310066', 'B2', 'AVAILABLE', current_timestamp, current_timestamp);
insert into logistics_driver (id, driver_code, driver_name, phone, license_no, license_type, status, created_at, updated_at) values (260525120000245, 'DRV-0067', '张强芳', '1370000067', 'A2-310067', 'A2', 'AVAILABLE', current_timestamp, current_timestamp);
insert into logistics_driver (id, driver_code, driver_name, phone, license_no, license_type, status, created_at, updated_at) values (260525120000246, 'DRV-0068', '刘婷杰', '1370000068', 'A2-310068', 'A2', 'AVAILABLE', current_timestamp, current_timestamp);
insert into logistics_driver (id, driver_code, driver_name, phone, license_no, license_type, status, created_at, updated_at) values (260525120000247, 'DRV-0069', '赵磊娜', '1370000069', 'A2-310069', 'B2', 'AVAILABLE', current_timestamp, current_timestamp);
insert into logistics_driver (id, driver_code, driver_name, phone, license_no, license_type, status, created_at, updated_at) values (260525120000248, 'DRV-0070', '孙芳鹏', '1370000070', 'A2-310070', 'A2', 'ON_ROUTE', current_timestamp, current_timestamp);
insert into logistics_driver (id, driver_code, driver_name, phone, license_no, license_type, status, created_at, updated_at) values (260525120000249, 'DRV-0071', '周杰琳', '1370000071', 'A2-310071', 'A2', 'AVAILABLE', current_timestamp, current_timestamp);
insert into logistics_driver (id, driver_code, driver_name, phone, license_no, license_type, status, created_at, updated_at) values (260525120000250, 'DRV-0072', '吴娜超', '1370000072', 'A2-310072', 'B2', 'AVAILABLE', current_timestamp, current_timestamp);
insert into logistics_driver (id, driver_code, driver_name, phone, license_no, license_type, status, created_at, updated_at) values (260525120000251, 'DRV-0073', '郑鹏悦', '1370000073', 'A2-310073', 'A2', 'AVAILABLE', current_timestamp, current_timestamp);
insert into logistics_driver (id, driver_code, driver_name, phone, license_no, license_type, status, created_at, updated_at) values (260525120000252, 'DRV-0074', '林琳洋', '1370000074', 'A2-310074', 'A2', 'AVAILABLE', current_timestamp, current_timestamp);
insert into logistics_driver (id, driver_code, driver_name, phone, license_no, license_type, status, created_at, updated_at) values (260525120000253, 'DRV-0075', '黄超晨', '1370000075', 'A2-310075', 'B2', 'ON_ROUTE', current_timestamp, current_timestamp);
insert into logistics_driver (id, driver_code, driver_name, phone, license_no, license_type, status, created_at, updated_at) values (260525120000254, 'DRV-0076', '许悦静', '1370000076', 'A2-310076', 'A2', 'AVAILABLE', current_timestamp, current_timestamp);
insert into logistics_driver (id, driver_code, driver_name, phone, license_no, license_type, status, created_at, updated_at) values (260525120000255, 'DRV-0077', '何洋明', '1370000077', 'A2-310077', 'A2', 'AVAILABLE', current_timestamp, current_timestamp);
insert into logistics_driver (id, driver_code, driver_name, phone, license_no, license_type, status, created_at, updated_at) values (260525120000256, 'DRV-0078', '郭晨伟', '1370000078', 'A2-310078', 'B2', 'AVAILABLE', current_timestamp, current_timestamp);
insert into logistics_driver (id, driver_code, driver_name, phone, license_no, license_type, status, created_at, updated_at) values (260525120000257, 'DRV-0079', '高静敏', '1370000079', 'A2-310079', 'A2', 'AVAILABLE', current_timestamp, current_timestamp);
insert into logistics_driver (id, driver_code, driver_name, phone, license_no, license_type, status, created_at, updated_at) values (260525120000258, 'DRV-0080', '陈明强', '1370000080', 'A2-310080', 'A2', 'ON_ROUTE', current_timestamp, current_timestamp);
insert into logistics_driver (id, driver_code, driver_name, phone, license_no, license_type, status, created_at, updated_at) values (260525120000259, 'DRV-0081', '李伟婷', '1370000081', 'A2-310081', 'B2', 'AVAILABLE', current_timestamp, current_timestamp);
insert into logistics_driver (id, driver_code, driver_name, phone, license_no, license_type, status, created_at, updated_at) values (260525120000260, 'DRV-0082', '王敏磊', '1370000082', 'A2-310082', 'A2', 'AVAILABLE', current_timestamp, current_timestamp);
insert into logistics_driver (id, driver_code, driver_name, phone, license_no, license_type, status, created_at, updated_at) values (260525120000261, 'DRV-0083', '张强芳', '1370000083', 'A2-310083', 'A2', 'AVAILABLE', current_timestamp, current_timestamp);
insert into logistics_driver (id, driver_code, driver_name, phone, license_no, license_type, status, created_at, updated_at) values (260525120000262, 'DRV-0084', '刘婷杰', '1370000084', 'A2-310084', 'B2', 'AVAILABLE', current_timestamp, current_timestamp);
insert into logistics_driver (id, driver_code, driver_name, phone, license_no, license_type, status, created_at, updated_at) values (260525120000263, 'DRV-0085', '赵磊娜', '1370000085', 'A2-310085', 'A2', 'ON_ROUTE', current_timestamp, current_timestamp);
insert into logistics_driver (id, driver_code, driver_name, phone, license_no, license_type, status, created_at, updated_at) values (260525120000264, 'DRV-0086', '孙芳鹏', '1370000086', 'A2-310086', 'A2', 'AVAILABLE', current_timestamp, current_timestamp);
insert into logistics_driver (id, driver_code, driver_name, phone, license_no, license_type, status, created_at, updated_at) values (260525120000265, 'DRV-0087', '周杰琳', '1370000087', 'A2-310087', 'B2', 'AVAILABLE', current_timestamp, current_timestamp);
insert into logistics_driver (id, driver_code, driver_name, phone, license_no, license_type, status, created_at, updated_at) values (260525120000266, 'DRV-0088', '吴娜超', '1370000088', 'A2-310088', 'A2', 'AVAILABLE', current_timestamp, current_timestamp);
insert into logistics_driver (id, driver_code, driver_name, phone, license_no, license_type, status, created_at, updated_at) values (260525120000267, 'DRV-0089', '郑鹏悦', '1370000089', 'A2-310089', 'A2', 'AVAILABLE', current_timestamp, current_timestamp);
insert into logistics_driver (id, driver_code, driver_name, phone, license_no, license_type, status, created_at, updated_at) values (260525120000268, 'DRV-0090', '林琳洋', '1370000090', 'A2-310090', 'B2', 'ON_ROUTE', current_timestamp, current_timestamp);
insert into logistics_driver (id, driver_code, driver_name, phone, license_no, license_type, status, created_at, updated_at) values (260525120000269, 'DRV-0091', '黄超晨', '1370000091', 'A2-310091', 'A2', 'AVAILABLE', current_timestamp, current_timestamp);
insert into logistics_driver (id, driver_code, driver_name, phone, license_no, license_type, status, created_at, updated_at) values (260525120000270, 'DRV-0092', '许悦静', '1370000092', 'A2-310092', 'A2', 'AVAILABLE', current_timestamp, current_timestamp);
insert into logistics_driver (id, driver_code, driver_name, phone, license_no, license_type, status, created_at, updated_at) values (260525120000271, 'DRV-0093', '何洋明', '1370000093', 'A2-310093', 'B2', 'AVAILABLE', current_timestamp, current_timestamp);
insert into logistics_driver (id, driver_code, driver_name, phone, license_no, license_type, status, created_at, updated_at) values (260525120000272, 'DRV-0094', '郭晨伟', '1370000094', 'A2-310094', 'A2', 'AVAILABLE', current_timestamp, current_timestamp);
insert into logistics_driver (id, driver_code, driver_name, phone, license_no, license_type, status, created_at, updated_at) values (260525120000273, 'DRV-0095', '高静敏', '1370000095', 'A2-310095', 'A2', 'ON_ROUTE', current_timestamp, current_timestamp);
insert into logistics_driver (id, driver_code, driver_name, phone, license_no, license_type, status, created_at, updated_at) values (260525120000274, 'DRV-0096', '陈明强', '1370000096', 'A2-310096', 'B2', 'AVAILABLE', current_timestamp, current_timestamp);
insert into logistics_driver (id, driver_code, driver_name, phone, license_no, license_type, status, created_at, updated_at) values (260525120000275, 'DRV-0097', '李伟婷', '1370000097', 'A2-310097', 'A2', 'AVAILABLE', current_timestamp, current_timestamp);
insert into logistics_driver (id, driver_code, driver_name, phone, license_no, license_type, status, created_at, updated_at) values (260525120000276, 'DRV-0098', '王敏磊', '1370000098', 'A2-310098', 'A2', 'AVAILABLE', current_timestamp, current_timestamp);
insert into logistics_driver (id, driver_code, driver_name, phone, license_no, license_type, status, created_at, updated_at) values (260525120000277, 'DRV-0099', '张强芳', '1370000099', 'A2-310099', 'B2', 'AVAILABLE', current_timestamp, current_timestamp);
insert into logistics_driver (id, driver_code, driver_name, phone, license_no, license_type, status, created_at, updated_at) values (260525120000278, 'DRV-0100', '刘婷杰', '1370000100', 'A2-310100', 'A2', 'ON_ROUTE', current_timestamp, current_timestamp);
insert into logistics_vehicle (id, vehicle_no, vehicle_type, load_capacity_kg, volume_capacity_cubic, current_city, status, created_at, updated_at) values (260525120000279, '沪A-80001', '9.6米厢式货车', 8020.00, 36.00, '北京', 'AVAILABLE', current_timestamp, current_timestamp);
insert into logistics_vehicle (id, vehicle_no, vehicle_type, load_capacity_kg, volume_capacity_cubic, current_city, status, created_at, updated_at) values (260525120000280, '沪A-80002', '9.6米厢式货车', 8040.00, 37.00, '广州', 'AVAILABLE', current_timestamp, current_timestamp);
insert into logistics_vehicle (id, vehicle_no, vehicle_type, load_capacity_kg, volume_capacity_cubic, current_city, status, created_at, updated_at) values (260525120000281, '沪A-80003', '9.6米厢式货车', 8060.00, 38.00, '深圳', 'AVAILABLE', current_timestamp, current_timestamp);
insert into logistics_vehicle (id, vehicle_no, vehicle_type, load_capacity_kg, volume_capacity_cubic, current_city, status, created_at, updated_at) values (260525120000282, '沪A-80004', '冷链厢式货车', 8080.00, 39.00, '杭州', 'AVAILABLE', current_timestamp, current_timestamp);
insert into logistics_vehicle (id, vehicle_no, vehicle_type, load_capacity_kg, volume_capacity_cubic, current_city, status, created_at, updated_at) values (260525120000283, '沪A-80005', '9.6米厢式货车', 8100.00, 40.00, '南京', 'AVAILABLE', current_timestamp, current_timestamp);
insert into logistics_vehicle (id, vehicle_no, vehicle_type, load_capacity_kg, volume_capacity_cubic, current_city, status, created_at, updated_at) values (260525120000284, '沪A-80006', '9.6米厢式货车', 8120.00, 41.00, '成都', 'ON_ROUTE', current_timestamp, current_timestamp);
insert into logistics_vehicle (id, vehicle_no, vehicle_type, load_capacity_kg, volume_capacity_cubic, current_city, status, created_at, updated_at) values (260525120000285, '沪A-80007', '9.6米厢式货车', 8140.00, 42.00, '武汉', 'AVAILABLE', current_timestamp, current_timestamp);
insert into logistics_vehicle (id, vehicle_no, vehicle_type, load_capacity_kg, volume_capacity_cubic, current_city, status, created_at, updated_at) values (260525120000286, '沪A-80008', '冷链厢式货车', 8160.00, 43.00, '上海', 'AVAILABLE', current_timestamp, current_timestamp);
insert into logistics_vehicle (id, vehicle_no, vehicle_type, load_capacity_kg, volume_capacity_cubic, current_city, status, created_at, updated_at) values (260525120000287, '沪A-80009', '9.6米厢式货车', 8180.00, 44.00, '北京', 'AVAILABLE', current_timestamp, current_timestamp);
insert into logistics_vehicle (id, vehicle_no, vehicle_type, load_capacity_kg, volume_capacity_cubic, current_city, status, created_at, updated_at) values (260525120000288, '沪A-80010', '9.6米厢式货车', 8200.00, 45.00, '广州', 'AVAILABLE', current_timestamp, current_timestamp);
insert into logistics_vehicle (id, vehicle_no, vehicle_type, load_capacity_kg, volume_capacity_cubic, current_city, status, created_at, updated_at) values (260525120000289, '沪A-80011', '9.6米厢式货车', 8220.00, 46.00, '深圳', 'AVAILABLE', current_timestamp, current_timestamp);
insert into logistics_vehicle (id, vehicle_no, vehicle_type, load_capacity_kg, volume_capacity_cubic, current_city, status, created_at, updated_at) values (260525120000290, '沪A-80012', '冷链厢式货车', 8240.00, 47.00, '杭州', 'ON_ROUTE', current_timestamp, current_timestamp);
insert into logistics_vehicle (id, vehicle_no, vehicle_type, load_capacity_kg, volume_capacity_cubic, current_city, status, created_at, updated_at) values (260525120000291, '沪A-80013', '9.6米厢式货车', 8260.00, 48.00, '南京', 'AVAILABLE', current_timestamp, current_timestamp);
insert into logistics_vehicle (id, vehicle_no, vehicle_type, load_capacity_kg, volume_capacity_cubic, current_city, status, created_at, updated_at) values (260525120000292, '沪A-80014', '9.6米厢式货车', 8280.00, 49.00, '成都', 'AVAILABLE', current_timestamp, current_timestamp);
insert into logistics_vehicle (id, vehicle_no, vehicle_type, load_capacity_kg, volume_capacity_cubic, current_city, status, created_at, updated_at) values (260525120000293, '沪A-80015', '9.6米厢式货车', 8300.00, 50.00, '武汉', 'AVAILABLE', current_timestamp, current_timestamp);
insert into logistics_vehicle (id, vehicle_no, vehicle_type, load_capacity_kg, volume_capacity_cubic, current_city, status, created_at, updated_at) values (260525120000294, '沪A-80016', '冷链厢式货车', 8320.00, 51.00, '上海', 'AVAILABLE', current_timestamp, current_timestamp);
insert into logistics_vehicle (id, vehicle_no, vehicle_type, load_capacity_kg, volume_capacity_cubic, current_city, status, created_at, updated_at) values (260525120000295, '沪A-80017', '9.6米厢式货车', 8340.00, 52.00, '北京', 'AVAILABLE', current_timestamp, current_timestamp);
insert into logistics_vehicle (id, vehicle_no, vehicle_type, load_capacity_kg, volume_capacity_cubic, current_city, status, created_at, updated_at) values (260525120000296, '沪A-80018', '9.6米厢式货车', 8360.00, 53.00, '广州', 'ON_ROUTE', current_timestamp, current_timestamp);
insert into logistics_vehicle (id, vehicle_no, vehicle_type, load_capacity_kg, volume_capacity_cubic, current_city, status, created_at, updated_at) values (260525120000297, '沪A-80019', '9.6米厢式货车', 8380.00, 54.00, '深圳', 'AVAILABLE', current_timestamp, current_timestamp);
insert into logistics_vehicle (id, vehicle_no, vehicle_type, load_capacity_kg, volume_capacity_cubic, current_city, status, created_at, updated_at) values (260525120000298, '沪A-80020', '冷链厢式货车', 8400.00, 35.00, '杭州', 'AVAILABLE', current_timestamp, current_timestamp);
insert into logistics_vehicle (id, vehicle_no, vehicle_type, load_capacity_kg, volume_capacity_cubic, current_city, status, created_at, updated_at) values (260525120000299, '沪A-80021', '9.6米厢式货车', 8420.00, 36.00, '南京', 'AVAILABLE', current_timestamp, current_timestamp);
insert into logistics_vehicle (id, vehicle_no, vehicle_type, load_capacity_kg, volume_capacity_cubic, current_city, status, created_at, updated_at) values (260525120000300, '沪A-80022', '9.6米厢式货车', 8440.00, 37.00, '成都', 'AVAILABLE', current_timestamp, current_timestamp);
insert into logistics_vehicle (id, vehicle_no, vehicle_type, load_capacity_kg, volume_capacity_cubic, current_city, status, created_at, updated_at) values (260525120000301, '沪A-80023', '9.6米厢式货车', 8460.00, 38.00, '武汉', 'AVAILABLE', current_timestamp, current_timestamp);
insert into logistics_vehicle (id, vehicle_no, vehicle_type, load_capacity_kg, volume_capacity_cubic, current_city, status, created_at, updated_at) values (260525120000302, '沪A-80024', '冷链厢式货车', 8480.00, 39.00, '上海', 'ON_ROUTE', current_timestamp, current_timestamp);
insert into logistics_vehicle (id, vehicle_no, vehicle_type, load_capacity_kg, volume_capacity_cubic, current_city, status, created_at, updated_at) values (260525120000303, '沪A-80025', '9.6米厢式货车', 8500.00, 40.00, '北京', 'AVAILABLE', current_timestamp, current_timestamp);
insert into logistics_vehicle (id, vehicle_no, vehicle_type, load_capacity_kg, volume_capacity_cubic, current_city, status, created_at, updated_at) values (260525120000304, '沪A-80026', '9.6米厢式货车', 8520.00, 41.00, '广州', 'AVAILABLE', current_timestamp, current_timestamp);
insert into logistics_vehicle (id, vehicle_no, vehicle_type, load_capacity_kg, volume_capacity_cubic, current_city, status, created_at, updated_at) values (260525120000305, '沪A-80027', '9.6米厢式货车', 8540.00, 42.00, '深圳', 'AVAILABLE', current_timestamp, current_timestamp);
insert into logistics_vehicle (id, vehicle_no, vehicle_type, load_capacity_kg, volume_capacity_cubic, current_city, status, created_at, updated_at) values (260525120000306, '沪A-80028', '冷链厢式货车', 8560.00, 43.00, '杭州', 'AVAILABLE', current_timestamp, current_timestamp);
insert into logistics_vehicle (id, vehicle_no, vehicle_type, load_capacity_kg, volume_capacity_cubic, current_city, status, created_at, updated_at) values (260525120000307, '沪A-80029', '9.6米厢式货车', 8580.00, 44.00, '南京', 'AVAILABLE', current_timestamp, current_timestamp);
insert into logistics_vehicle (id, vehicle_no, vehicle_type, load_capacity_kg, volume_capacity_cubic, current_city, status, created_at, updated_at) values (260525120000308, '沪A-80030', '9.6米厢式货车', 8600.00, 45.00, '成都', 'ON_ROUTE', current_timestamp, current_timestamp);
insert into logistics_vehicle (id, vehicle_no, vehicle_type, load_capacity_kg, volume_capacity_cubic, current_city, status, created_at, updated_at) values (260525120000309, '沪A-80031', '9.6米厢式货车', 8620.00, 46.00, '武汉', 'AVAILABLE', current_timestamp, current_timestamp);
insert into logistics_vehicle (id, vehicle_no, vehicle_type, load_capacity_kg, volume_capacity_cubic, current_city, status, created_at, updated_at) values (260525120000310, '沪A-80032', '冷链厢式货车', 8640.00, 47.00, '上海', 'AVAILABLE', current_timestamp, current_timestamp);
insert into logistics_vehicle (id, vehicle_no, vehicle_type, load_capacity_kg, volume_capacity_cubic, current_city, status, created_at, updated_at) values (260525120000311, '沪A-80033', '9.6米厢式货车', 8660.00, 48.00, '北京', 'AVAILABLE', current_timestamp, current_timestamp);
insert into logistics_vehicle (id, vehicle_no, vehicle_type, load_capacity_kg, volume_capacity_cubic, current_city, status, created_at, updated_at) values (260525120000312, '沪A-80034', '9.6米厢式货车', 8680.00, 49.00, '广州', 'AVAILABLE', current_timestamp, current_timestamp);
insert into logistics_vehicle (id, vehicle_no, vehicle_type, load_capacity_kg, volume_capacity_cubic, current_city, status, created_at, updated_at) values (260525120000313, '沪A-80035', '9.6米厢式货车', 8700.00, 50.00, '深圳', 'AVAILABLE', current_timestamp, current_timestamp);
insert into logistics_vehicle (id, vehicle_no, vehicle_type, load_capacity_kg, volume_capacity_cubic, current_city, status, created_at, updated_at) values (260525120000314, '沪A-80036', '冷链厢式货车', 8720.00, 51.00, '杭州', 'ON_ROUTE', current_timestamp, current_timestamp);
insert into logistics_vehicle (id, vehicle_no, vehicle_type, load_capacity_kg, volume_capacity_cubic, current_city, status, created_at, updated_at) values (260525120000315, '沪A-80037', '9.6米厢式货车', 8740.00, 52.00, '南京', 'AVAILABLE', current_timestamp, current_timestamp);
insert into logistics_vehicle (id, vehicle_no, vehicle_type, load_capacity_kg, volume_capacity_cubic, current_city, status, created_at, updated_at) values (260525120000316, '沪A-80038', '9.6米厢式货车', 8760.00, 53.00, '成都', 'AVAILABLE', current_timestamp, current_timestamp);
insert into logistics_vehicle (id, vehicle_no, vehicle_type, load_capacity_kg, volume_capacity_cubic, current_city, status, created_at, updated_at) values (260525120000317, '沪A-80039', '9.6米厢式货车', 8780.00, 54.00, '武汉', 'AVAILABLE', current_timestamp, current_timestamp);
insert into logistics_vehicle (id, vehicle_no, vehicle_type, load_capacity_kg, volume_capacity_cubic, current_city, status, created_at, updated_at) values (260525120000318, '沪A-80040', '冷链厢式货车', 8800.00, 35.00, '上海', 'AVAILABLE', current_timestamp, current_timestamp);
insert into logistics_vehicle (id, vehicle_no, vehicle_type, load_capacity_kg, volume_capacity_cubic, current_city, status, created_at, updated_at) values (260525120000319, '沪A-80041', '9.6米厢式货车', 8820.00, 36.00, '北京', 'AVAILABLE', current_timestamp, current_timestamp);
insert into logistics_vehicle (id, vehicle_no, vehicle_type, load_capacity_kg, volume_capacity_cubic, current_city, status, created_at, updated_at) values (260525120000320, '沪A-80042', '9.6米厢式货车', 8840.00, 37.00, '广州', 'ON_ROUTE', current_timestamp, current_timestamp);
insert into logistics_vehicle (id, vehicle_no, vehicle_type, load_capacity_kg, volume_capacity_cubic, current_city, status, created_at, updated_at) values (260525120000321, '沪A-80043', '9.6米厢式货车', 8860.00, 38.00, '深圳', 'AVAILABLE', current_timestamp, current_timestamp);
insert into logistics_vehicle (id, vehicle_no, vehicle_type, load_capacity_kg, volume_capacity_cubic, current_city, status, created_at, updated_at) values (260525120000322, '沪A-80044', '冷链厢式货车', 8880.00, 39.00, '杭州', 'AVAILABLE', current_timestamp, current_timestamp);
insert into logistics_vehicle (id, vehicle_no, vehicle_type, load_capacity_kg, volume_capacity_cubic, current_city, status, created_at, updated_at) values (260525120000323, '沪A-80045', '9.6米厢式货车', 8900.00, 40.00, '南京', 'AVAILABLE', current_timestamp, current_timestamp);
insert into logistics_vehicle (id, vehicle_no, vehicle_type, load_capacity_kg, volume_capacity_cubic, current_city, status, created_at, updated_at) values (260525120000324, '沪A-80046', '9.6米厢式货车', 8920.00, 41.00, '成都', 'AVAILABLE', current_timestamp, current_timestamp);
insert into logistics_vehicle (id, vehicle_no, vehicle_type, load_capacity_kg, volume_capacity_cubic, current_city, status, created_at, updated_at) values (260525120000325, '沪A-80047', '9.6米厢式货车', 8940.00, 42.00, '武汉', 'AVAILABLE', current_timestamp, current_timestamp);
insert into logistics_vehicle (id, vehicle_no, vehicle_type, load_capacity_kg, volume_capacity_cubic, current_city, status, created_at, updated_at) values (260525120000326, '沪A-80048', '冷链厢式货车', 8960.00, 43.00, '上海', 'ON_ROUTE', current_timestamp, current_timestamp);
insert into logistics_vehicle (id, vehicle_no, vehicle_type, load_capacity_kg, volume_capacity_cubic, current_city, status, created_at, updated_at) values (260525120000327, '沪A-80049', '9.6米厢式货车', 8980.00, 44.00, '北京', 'AVAILABLE', current_timestamp, current_timestamp);
insert into logistics_vehicle (id, vehicle_no, vehicle_type, load_capacity_kg, volume_capacity_cubic, current_city, status, created_at, updated_at) values (260525120000328, '沪A-80050', '9.6米厢式货车', 9000.00, 45.00, '广州', 'AVAILABLE', current_timestamp, current_timestamp);
insert into logistics_vehicle (id, vehicle_no, vehicle_type, load_capacity_kg, volume_capacity_cubic, current_city, status, created_at, updated_at) values (260525120000329, '沪A-80051', '9.6米厢式货车', 9020.00, 46.00, '深圳', 'AVAILABLE', current_timestamp, current_timestamp);
insert into logistics_vehicle (id, vehicle_no, vehicle_type, load_capacity_kg, volume_capacity_cubic, current_city, status, created_at, updated_at) values (260525120000330, '沪A-80052', '冷链厢式货车', 9040.00, 47.00, '杭州', 'AVAILABLE', current_timestamp, current_timestamp);
insert into logistics_vehicle (id, vehicle_no, vehicle_type, load_capacity_kg, volume_capacity_cubic, current_city, status, created_at, updated_at) values (260525120000331, '沪A-80053', '9.6米厢式货车', 9060.00, 48.00, '南京', 'AVAILABLE', current_timestamp, current_timestamp);
insert into logistics_vehicle (id, vehicle_no, vehicle_type, load_capacity_kg, volume_capacity_cubic, current_city, status, created_at, updated_at) values (260525120000332, '沪A-80054', '9.6米厢式货车', 9080.00, 49.00, '成都', 'ON_ROUTE', current_timestamp, current_timestamp);
insert into logistics_vehicle (id, vehicle_no, vehicle_type, load_capacity_kg, volume_capacity_cubic, current_city, status, created_at, updated_at) values (260525120000333, '沪A-80055', '9.6米厢式货车', 9100.00, 50.00, '武汉', 'AVAILABLE', current_timestamp, current_timestamp);
insert into logistics_vehicle (id, vehicle_no, vehicle_type, load_capacity_kg, volume_capacity_cubic, current_city, status, created_at, updated_at) values (260525120000334, '沪A-80056', '冷链厢式货车', 9120.00, 51.00, '上海', 'AVAILABLE', current_timestamp, current_timestamp);
insert into logistics_vehicle (id, vehicle_no, vehicle_type, load_capacity_kg, volume_capacity_cubic, current_city, status, created_at, updated_at) values (260525120000335, '沪A-80057', '9.6米厢式货车', 9140.00, 52.00, '北京', 'AVAILABLE', current_timestamp, current_timestamp);
insert into logistics_vehicle (id, vehicle_no, vehicle_type, load_capacity_kg, volume_capacity_cubic, current_city, status, created_at, updated_at) values (260525120000336, '沪A-80058', '9.6米厢式货车', 9160.00, 53.00, '广州', 'AVAILABLE', current_timestamp, current_timestamp);
insert into logistics_vehicle (id, vehicle_no, vehicle_type, load_capacity_kg, volume_capacity_cubic, current_city, status, created_at, updated_at) values (260525120000337, '沪A-80059', '9.6米厢式货车', 9180.00, 54.00, '深圳', 'AVAILABLE', current_timestamp, current_timestamp);
insert into logistics_vehicle (id, vehicle_no, vehicle_type, load_capacity_kg, volume_capacity_cubic, current_city, status, created_at, updated_at) values (260525120000338, '沪A-80060', '冷链厢式货车', 9200.00, 35.00, '杭州', 'ON_ROUTE', current_timestamp, current_timestamp);
insert into logistics_vehicle (id, vehicle_no, vehicle_type, load_capacity_kg, volume_capacity_cubic, current_city, status, created_at, updated_at) values (260525120000339, '沪A-80061', '9.6米厢式货车', 9220.00, 36.00, '南京', 'AVAILABLE', current_timestamp, current_timestamp);
insert into logistics_vehicle (id, vehicle_no, vehicle_type, load_capacity_kg, volume_capacity_cubic, current_city, status, created_at, updated_at) values (260525120000340, '沪A-80062', '9.6米厢式货车', 9240.00, 37.00, '成都', 'AVAILABLE', current_timestamp, current_timestamp);
insert into logistics_vehicle (id, vehicle_no, vehicle_type, load_capacity_kg, volume_capacity_cubic, current_city, status, created_at, updated_at) values (260525120000341, '沪A-80063', '9.6米厢式货车', 9260.00, 38.00, '武汉', 'AVAILABLE', current_timestamp, current_timestamp);
insert into logistics_vehicle (id, vehicle_no, vehicle_type, load_capacity_kg, volume_capacity_cubic, current_city, status, created_at, updated_at) values (260525120000342, '沪A-80064', '冷链厢式货车', 9280.00, 39.00, '上海', 'AVAILABLE', current_timestamp, current_timestamp);
insert into logistics_vehicle (id, vehicle_no, vehicle_type, load_capacity_kg, volume_capacity_cubic, current_city, status, created_at, updated_at) values (260525120000343, '沪A-80065', '9.6米厢式货车', 9300.00, 40.00, '北京', 'AVAILABLE', current_timestamp, current_timestamp);
insert into logistics_vehicle (id, vehicle_no, vehicle_type, load_capacity_kg, volume_capacity_cubic, current_city, status, created_at, updated_at) values (260525120000344, '沪A-80066', '9.6米厢式货车', 9320.00, 41.00, '广州', 'ON_ROUTE', current_timestamp, current_timestamp);
insert into logistics_vehicle (id, vehicle_no, vehicle_type, load_capacity_kg, volume_capacity_cubic, current_city, status, created_at, updated_at) values (260525120000345, '沪A-80067', '9.6米厢式货车', 9340.00, 42.00, '深圳', 'AVAILABLE', current_timestamp, current_timestamp);
insert into logistics_vehicle (id, vehicle_no, vehicle_type, load_capacity_kg, volume_capacity_cubic, current_city, status, created_at, updated_at) values (260525120000346, '沪A-80068', '冷链厢式货车', 9360.00, 43.00, '杭州', 'AVAILABLE', current_timestamp, current_timestamp);
insert into logistics_vehicle (id, vehicle_no, vehicle_type, load_capacity_kg, volume_capacity_cubic, current_city, status, created_at, updated_at) values (260525120000347, '沪A-80069', '9.6米厢式货车', 9380.00, 44.00, '南京', 'AVAILABLE', current_timestamp, current_timestamp);
insert into logistics_vehicle (id, vehicle_no, vehicle_type, load_capacity_kg, volume_capacity_cubic, current_city, status, created_at, updated_at) values (260525120000348, '沪A-80070', '9.6米厢式货车', 9400.00, 45.00, '成都', 'AVAILABLE', current_timestamp, current_timestamp);
insert into logistics_vehicle (id, vehicle_no, vehicle_type, load_capacity_kg, volume_capacity_cubic, current_city, status, created_at, updated_at) values (260525120000349, '沪A-80071', '9.6米厢式货车', 9420.00, 46.00, '武汉', 'AVAILABLE', current_timestamp, current_timestamp);
insert into logistics_vehicle (id, vehicle_no, vehicle_type, load_capacity_kg, volume_capacity_cubic, current_city, status, created_at, updated_at) values (260525120000350, '沪A-80072', '冷链厢式货车', 9440.00, 47.00, '上海', 'ON_ROUTE', current_timestamp, current_timestamp);
insert into logistics_vehicle (id, vehicle_no, vehicle_type, load_capacity_kg, volume_capacity_cubic, current_city, status, created_at, updated_at) values (260525120000351, '沪A-80073', '9.6米厢式货车', 9460.00, 48.00, '北京', 'AVAILABLE', current_timestamp, current_timestamp);
insert into logistics_vehicle (id, vehicle_no, vehicle_type, load_capacity_kg, volume_capacity_cubic, current_city, status, created_at, updated_at) values (260525120000352, '沪A-80074', '9.6米厢式货车', 9480.00, 49.00, '广州', 'AVAILABLE', current_timestamp, current_timestamp);
insert into logistics_vehicle (id, vehicle_no, vehicle_type, load_capacity_kg, volume_capacity_cubic, current_city, status, created_at, updated_at) values (260525120000353, '沪A-80075', '9.6米厢式货车', 9500.00, 50.00, '深圳', 'AVAILABLE', current_timestamp, current_timestamp);
insert into logistics_vehicle (id, vehicle_no, vehicle_type, load_capacity_kg, volume_capacity_cubic, current_city, status, created_at, updated_at) values (260525120000354, '沪A-80076', '冷链厢式货车', 9520.00, 51.00, '杭州', 'AVAILABLE', current_timestamp, current_timestamp);
insert into logistics_vehicle (id, vehicle_no, vehicle_type, load_capacity_kg, volume_capacity_cubic, current_city, status, created_at, updated_at) values (260525120000355, '沪A-80077', '9.6米厢式货车', 9540.00, 52.00, '南京', 'AVAILABLE', current_timestamp, current_timestamp);
insert into logistics_vehicle (id, vehicle_no, vehicle_type, load_capacity_kg, volume_capacity_cubic, current_city, status, created_at, updated_at) values (260525120000356, '沪A-80078', '9.6米厢式货车', 9560.00, 53.00, '成都', 'ON_ROUTE', current_timestamp, current_timestamp);
insert into logistics_vehicle (id, vehicle_no, vehicle_type, load_capacity_kg, volume_capacity_cubic, current_city, status, created_at, updated_at) values (260525120000357, '沪A-80079', '9.6米厢式货车', 9580.00, 54.00, '武汉', 'AVAILABLE', current_timestamp, current_timestamp);
insert into logistics_vehicle (id, vehicle_no, vehicle_type, load_capacity_kg, volume_capacity_cubic, current_city, status, created_at, updated_at) values (260525120000358, '沪A-80080', '冷链厢式货车', 9600.00, 35.00, '上海', 'AVAILABLE', current_timestamp, current_timestamp);
insert into logistics_vehicle (id, vehicle_no, vehicle_type, load_capacity_kg, volume_capacity_cubic, current_city, status, created_at, updated_at) values (260525120000359, '沪A-80081', '9.6米厢式货车', 9620.00, 36.00, '北京', 'AVAILABLE', current_timestamp, current_timestamp);
insert into logistics_vehicle (id, vehicle_no, vehicle_type, load_capacity_kg, volume_capacity_cubic, current_city, status, created_at, updated_at) values (260525120000360, '沪A-80082', '9.6米厢式货车', 9640.00, 37.00, '广州', 'AVAILABLE', current_timestamp, current_timestamp);
insert into logistics_vehicle (id, vehicle_no, vehicle_type, load_capacity_kg, volume_capacity_cubic, current_city, status, created_at, updated_at) values (260525120000361, '沪A-80083', '9.6米厢式货车', 9660.00, 38.00, '深圳', 'AVAILABLE', current_timestamp, current_timestamp);
insert into logistics_vehicle (id, vehicle_no, vehicle_type, load_capacity_kg, volume_capacity_cubic, current_city, status, created_at, updated_at) values (260525120000362, '沪A-80084', '冷链厢式货车', 9680.00, 39.00, '杭州', 'ON_ROUTE', current_timestamp, current_timestamp);
insert into logistics_vehicle (id, vehicle_no, vehicle_type, load_capacity_kg, volume_capacity_cubic, current_city, status, created_at, updated_at) values (260525120000363, '沪A-80085', '9.6米厢式货车', 9700.00, 40.00, '南京', 'AVAILABLE', current_timestamp, current_timestamp);
insert into logistics_vehicle (id, vehicle_no, vehicle_type, load_capacity_kg, volume_capacity_cubic, current_city, status, created_at, updated_at) values (260525120000364, '沪A-80086', '9.6米厢式货车', 9720.00, 41.00, '成都', 'AVAILABLE', current_timestamp, current_timestamp);
insert into logistics_vehicle (id, vehicle_no, vehicle_type, load_capacity_kg, volume_capacity_cubic, current_city, status, created_at, updated_at) values (260525120000365, '沪A-80087', '9.6米厢式货车', 9740.00, 42.00, '武汉', 'AVAILABLE', current_timestamp, current_timestamp);
insert into logistics_vehicle (id, vehicle_no, vehicle_type, load_capacity_kg, volume_capacity_cubic, current_city, status, created_at, updated_at) values (260525120000366, '沪A-80088', '冷链厢式货车', 9760.00, 43.00, '上海', 'AVAILABLE', current_timestamp, current_timestamp);
insert into logistics_vehicle (id, vehicle_no, vehicle_type, load_capacity_kg, volume_capacity_cubic, current_city, status, created_at, updated_at) values (260525120000367, '沪A-80089', '9.6米厢式货车', 9780.00, 44.00, '北京', 'AVAILABLE', current_timestamp, current_timestamp);
insert into logistics_vehicle (id, vehicle_no, vehicle_type, load_capacity_kg, volume_capacity_cubic, current_city, status, created_at, updated_at) values (260525120000368, '沪A-80090', '9.6米厢式货车', 9800.00, 45.00, '广州', 'ON_ROUTE', current_timestamp, current_timestamp);
insert into logistics_vehicle (id, vehicle_no, vehicle_type, load_capacity_kg, volume_capacity_cubic, current_city, status, created_at, updated_at) values (260525120000369, '沪A-80091', '9.6米厢式货车', 9820.00, 46.00, '深圳', 'AVAILABLE', current_timestamp, current_timestamp);
insert into logistics_vehicle (id, vehicle_no, vehicle_type, load_capacity_kg, volume_capacity_cubic, current_city, status, created_at, updated_at) values (260525120000370, '沪A-80092', '冷链厢式货车', 9840.00, 47.00, '杭州', 'AVAILABLE', current_timestamp, current_timestamp);
insert into logistics_vehicle (id, vehicle_no, vehicle_type, load_capacity_kg, volume_capacity_cubic, current_city, status, created_at, updated_at) values (260525120000371, '沪A-80093', '9.6米厢式货车', 9860.00, 48.00, '南京', 'AVAILABLE', current_timestamp, current_timestamp);
insert into logistics_vehicle (id, vehicle_no, vehicle_type, load_capacity_kg, volume_capacity_cubic, current_city, status, created_at, updated_at) values (260525120000372, '沪A-80094', '9.6米厢式货车', 9880.00, 49.00, '成都', 'AVAILABLE', current_timestamp, current_timestamp);
insert into logistics_vehicle (id, vehicle_no, vehicle_type, load_capacity_kg, volume_capacity_cubic, current_city, status, created_at, updated_at) values (260525120000373, '沪A-80095', '9.6米厢式货车', 9900.00, 50.00, '武汉', 'AVAILABLE', current_timestamp, current_timestamp);
insert into logistics_vehicle (id, vehicle_no, vehicle_type, load_capacity_kg, volume_capacity_cubic, current_city, status, created_at, updated_at) values (260525120000374, '沪A-80096', '冷链厢式货车', 9920.00, 51.00, '上海', 'ON_ROUTE', current_timestamp, current_timestamp);
insert into logistics_vehicle (id, vehicle_no, vehicle_type, load_capacity_kg, volume_capacity_cubic, current_city, status, created_at, updated_at) values (260525120000375, '沪A-80097', '9.6米厢式货车', 9940.00, 52.00, '北京', 'AVAILABLE', current_timestamp, current_timestamp);
insert into logistics_vehicle (id, vehicle_no, vehicle_type, load_capacity_kg, volume_capacity_cubic, current_city, status, created_at, updated_at) values (260525120000376, '沪A-80098', '9.6米厢式货车', 9960.00, 53.00, '广州', 'AVAILABLE', current_timestamp, current_timestamp);
insert into logistics_vehicle (id, vehicle_no, vehicle_type, load_capacity_kg, volume_capacity_cubic, current_city, status, created_at, updated_at) values (260525120000377, '沪A-80099', '9.6米厢式货车', 9980.00, 54.00, '深圳', 'AVAILABLE', current_timestamp, current_timestamp);
insert into logistics_vehicle (id, vehicle_no, vehicle_type, load_capacity_kg, volume_capacity_cubic, current_city, status, created_at, updated_at) values (260525120000378, '沪A-80100', '冷链厢式货车', 10000.00, 35.00, '杭州', 'AVAILABLE', current_timestamp, current_timestamp);
insert into logistics_route (id, route_code, origin_city, destination_city, distance_km, estimated_hours, status, created_at, updated_at) values (260525120000379, 'RT-001', '北京', '杭州', 236.50, 5, 'ACTIVE', current_timestamp, current_timestamp);
insert into logistics_route (id, route_code, origin_city, destination_city, distance_km, estimated_hours, status, created_at, updated_at) values (260525120000380, 'RT-002', '广州', '南京', 272.50, 6, 'ACTIVE', current_timestamp, current_timestamp);
insert into logistics_route (id, route_code, origin_city, destination_city, distance_km, estimated_hours, status, created_at, updated_at) values (260525120000381, 'RT-003', '深圳', '成都', 308.50, 7, 'ACTIVE', current_timestamp, current_timestamp);
insert into logistics_route (id, route_code, origin_city, destination_city, distance_km, estimated_hours, status, created_at, updated_at) values (260525120000382, 'RT-004', '杭州', '武汉', 344.50, 8, 'ACTIVE', current_timestamp, current_timestamp);
insert into logistics_route (id, route_code, origin_city, destination_city, distance_km, estimated_hours, status, created_at, updated_at) values (260525120000383, 'RT-005', '南京', '上海', 380.50, 9, 'ACTIVE', current_timestamp, current_timestamp);
insert into logistics_route (id, route_code, origin_city, destination_city, distance_km, estimated_hours, status, created_at, updated_at) values (260525120000384, 'RT-006', '成都', '北京', 416.50, 10, 'ACTIVE', current_timestamp, current_timestamp);
insert into logistics_route (id, route_code, origin_city, destination_city, distance_km, estimated_hours, status, created_at, updated_at) values (260525120000385, 'RT-007', '武汉', '广州', 452.50, 11, 'ACTIVE', current_timestamp, current_timestamp);
insert into logistics_route (id, route_code, origin_city, destination_city, distance_km, estimated_hours, status, created_at, updated_at) values (260525120000386, 'RT-008', '上海', '深圳', 488.50, 12, 'ACTIVE', current_timestamp, current_timestamp);
insert into logistics_route (id, route_code, origin_city, destination_city, distance_km, estimated_hours, status, created_at, updated_at) values (260525120000387, 'RT-009', '北京', '杭州', 524.50, 13, 'ACTIVE', current_timestamp, current_timestamp);
insert into logistics_route (id, route_code, origin_city, destination_city, distance_km, estimated_hours, status, created_at, updated_at) values (260525120000388, 'RT-010', '广州', '南京', 560.50, 14, 'ACTIVE', current_timestamp, current_timestamp);
insert into logistics_route (id, route_code, origin_city, destination_city, distance_km, estimated_hours, status, created_at, updated_at) values (260525120000389, 'RT-011', '深圳', '成都', 596.50, 15, 'ACTIVE', current_timestamp, current_timestamp);
insert into logistics_route (id, route_code, origin_city, destination_city, distance_km, estimated_hours, status, created_at, updated_at) values (260525120000390, 'RT-012', '杭州', '武汉', 632.50, 16, 'ACTIVE', current_timestamp, current_timestamp);
insert into logistics_route (id, route_code, origin_city, destination_city, distance_km, estimated_hours, status, created_at, updated_at) values (260525120000391, 'RT-013', '南京', '上海', 668.50, 17, 'ACTIVE', current_timestamp, current_timestamp);
insert into logistics_route (id, route_code, origin_city, destination_city, distance_km, estimated_hours, status, created_at, updated_at) values (260525120000392, 'RT-014', '成都', '北京', 704.50, 18, 'ACTIVE', current_timestamp, current_timestamp);
insert into logistics_route (id, route_code, origin_city, destination_city, distance_km, estimated_hours, status, created_at, updated_at) values (260525120000393, 'RT-015', '武汉', '广州', 740.50, 19, 'ACTIVE', current_timestamp, current_timestamp);
insert into logistics_route (id, route_code, origin_city, destination_city, distance_km, estimated_hours, status, created_at, updated_at) values (260525120000394, 'RT-016', '上海', '深圳', 776.50, 20, 'ACTIVE', current_timestamp, current_timestamp);
insert into logistics_route (id, route_code, origin_city, destination_city, distance_km, estimated_hours, status, created_at, updated_at) values (260525120000395, 'RT-017', '北京', '杭州', 812.50, 21, 'ACTIVE', current_timestamp, current_timestamp);
insert into logistics_route (id, route_code, origin_city, destination_city, distance_km, estimated_hours, status, created_at, updated_at) values (260525120000396, 'RT-018', '广州', '南京', 848.50, 22, 'ACTIVE', current_timestamp, current_timestamp);
insert into logistics_route (id, route_code, origin_city, destination_city, distance_km, estimated_hours, status, created_at, updated_at) values (260525120000397, 'RT-019', '深圳', '成都', 884.50, 23, 'ACTIVE', current_timestamp, current_timestamp);
insert into logistics_route (id, route_code, origin_city, destination_city, distance_km, estimated_hours, status, created_at, updated_at) values (260525120000398, 'RT-020', '杭州', '武汉', 920.50, 24, 'ACTIVE', current_timestamp, current_timestamp);
insert into logistics_order (id, order_no, customer_id, route_id, warehouse_id, vehicle_id, driver_id, customer_name, sender_address, receiver_address, cargo_name, cargo_weight, cargo_volume, status, planned_pickup_time, planned_delivery_time, created_at, updated_at) values (260525120000399, 'LO-DEMO-0001', 260525120000071, 260525120000379, 260525120000171, 260525120000279, 260525120000179, '北京远航供应链有限公司', '发货地址 1', '收货地址 1', '汽车配件', 13.000, 1.100, 'DISPATCHED', current_timestamp, current_timestamp, current_timestamp, current_timestamp);
insert into logistics_order (id, order_no, customer_id, route_id, warehouse_id, vehicle_id, driver_id, customer_name, sender_address, receiver_address, cargo_name, cargo_weight, cargo_volume, status, planned_pickup_time, planned_delivery_time, created_at, updated_at) values (260525120000400, 'LO-DEMO-0002', 260525120000072, 260525120000380, 260525120000172, 260525120000280, 260525120000180, '广州优品供应链有限公司', '发货地址 2', '收货地址 2', '生鲜周转箱', 16.000, 1.200, 'IN_TRANSIT', current_timestamp, current_timestamp, current_timestamp, current_timestamp);
insert into logistics_order (id, order_no, customer_id, route_id, warehouse_id, vehicle_id, driver_id, customer_name, sender_address, receiver_address, cargo_name, cargo_weight, cargo_volume, status, planned_pickup_time, planned_delivery_time, created_at, updated_at) values (260525120000401, 'LO-DEMO-0003', 260525120000073, 260525120000381, 260525120000173, 260525120000281, 260525120000181, '深圳恒达供应链有限公司', '发货地址 3', '收货地址 3', '电子元件', 19.000, 1.300, 'DELIVERED', current_timestamp, current_timestamp, current_timestamp, current_timestamp);
insert into logistics_order (id, order_no, customer_id, route_id, warehouse_id, vehicle_id, driver_id, customer_name, sender_address, receiver_address, cargo_name, cargo_weight, cargo_volume, status, planned_pickup_time, planned_delivery_time, created_at, updated_at) values (260525120000402, 'LO-DEMO-0004', 260525120000074, 260525120000382, 260525120000174, 260525120000282, 260525120000182, '杭州云仓供应链有限公司', '发货地址 4', '收货地址 4', '办公耗材', 22.000, 1.400, 'EXCEPTION', current_timestamp, current_timestamp, current_timestamp, current_timestamp);
insert into logistics_order (id, order_no, customer_id, route_id, warehouse_id, vehicle_id, driver_id, customer_name, sender_address, receiver_address, cargo_name, cargo_weight, cargo_volume, status, planned_pickup_time, planned_delivery_time, created_at, updated_at) values (260525120000403, 'LO-DEMO-0005', 260525120000075, 260525120000383, 260525120000175, 260525120000283, 260525120000183, '南京瑞丰供应链有限公司', '发货地址 5', '收货地址 5', '服装样品', 25.000, 1.500, 'WAIT_DISPATCH', current_timestamp, current_timestamp, current_timestamp, current_timestamp);
insert into logistics_order (id, order_no, customer_id, route_id, warehouse_id, vehicle_id, driver_id, customer_name, sender_address, receiver_address, cargo_name, cargo_weight, cargo_volume, status, planned_pickup_time, planned_delivery_time, created_at, updated_at) values (260525120000404, 'LO-DEMO-0006', 260525120000076, 260525120000384, 260525120000176, 260525120000284, 260525120000184, '成都新程供应链有限公司', '发货地址 6', '收货地址 6', '汽车配件', 28.000, 1.600, 'DISPATCHED', current_timestamp, current_timestamp, current_timestamp, current_timestamp);
insert into logistics_order (id, order_no, customer_id, route_id, warehouse_id, vehicle_id, driver_id, customer_name, sender_address, receiver_address, cargo_name, cargo_weight, cargo_volume, status, planned_pickup_time, planned_delivery_time, created_at, updated_at) values (260525120000405, 'LO-DEMO-0007', 260525120000077, 260525120000385, 260525120000177, 260525120000285, 260525120000185, '武汉嘉运供应链有限公司', '发货地址 7', '收货地址 7', '生鲜周转箱', 31.000, 1.700, 'IN_TRANSIT', current_timestamp, current_timestamp, current_timestamp, current_timestamp);
insert into logistics_order (id, order_no, customer_id, route_id, warehouse_id, vehicle_id, driver_id, customer_name, sender_address, receiver_address, cargo_name, cargo_weight, cargo_volume, status, planned_pickup_time, planned_delivery_time, created_at, updated_at) values (260525120000406, 'LO-DEMO-0008', 260525120000078, 260525120000386, 260525120000178, 260525120000286, 260525120000186, '上海星河供应链有限公司', '发货地址 8', '收货地址 8', '电子元件', 34.000, 1.800, 'DELIVERED', current_timestamp, current_timestamp, current_timestamp, current_timestamp);
insert into logistics_order (id, order_no, customer_id, route_id, warehouse_id, vehicle_id, driver_id, customer_name, sender_address, receiver_address, cargo_name, cargo_weight, cargo_volume, status, planned_pickup_time, planned_delivery_time, created_at, updated_at) values (260525120000407, 'LO-DEMO-0009', 260525120000079, 260525120000387, 260525120000171, 260525120000287, 260525120000187, '北京远航供应链有限公司', '发货地址 9', '收货地址 9', '办公耗材', 37.000, 1.900, 'EXCEPTION', current_timestamp, current_timestamp, current_timestamp, current_timestamp);
insert into logistics_order (id, order_no, customer_id, route_id, warehouse_id, vehicle_id, driver_id, customer_name, sender_address, receiver_address, cargo_name, cargo_weight, cargo_volume, status, planned_pickup_time, planned_delivery_time, created_at, updated_at) values (260525120000408, 'LO-DEMO-0010', 260525120000080, 260525120000388, 260525120000172, 260525120000288, 260525120000188, '广州优品供应链有限公司', '发货地址 10', '收货地址 10', '服装样品', 40.000, 2.000, 'WAIT_DISPATCH', current_timestamp, current_timestamp, current_timestamp, current_timestamp);
insert into logistics_order (id, order_no, customer_id, route_id, warehouse_id, vehicle_id, driver_id, customer_name, sender_address, receiver_address, cargo_name, cargo_weight, cargo_volume, status, planned_pickup_time, planned_delivery_time, created_at, updated_at) values (260525120000409, 'LO-DEMO-0011', 260525120000081, 260525120000389, 260525120000173, 260525120000289, 260525120000189, '深圳恒达供应链有限公司', '发货地址 11', '收货地址 11', '汽车配件', 43.000, 2.100, 'DISPATCHED', current_timestamp, current_timestamp, current_timestamp, current_timestamp);
insert into logistics_order (id, order_no, customer_id, route_id, warehouse_id, vehicle_id, driver_id, customer_name, sender_address, receiver_address, cargo_name, cargo_weight, cargo_volume, status, planned_pickup_time, planned_delivery_time, created_at, updated_at) values (260525120000410, 'LO-DEMO-0012', 260525120000082, 260525120000390, 260525120000174, 260525120000290, 260525120000190, '杭州云仓供应链有限公司', '发货地址 12', '收货地址 12', '生鲜周转箱', 46.000, 2.200, 'IN_TRANSIT', current_timestamp, current_timestamp, current_timestamp, current_timestamp);
insert into logistics_order (id, order_no, customer_id, route_id, warehouse_id, vehicle_id, driver_id, customer_name, sender_address, receiver_address, cargo_name, cargo_weight, cargo_volume, status, planned_pickup_time, planned_delivery_time, created_at, updated_at) values (260525120000411, 'LO-DEMO-0013', 260525120000083, 260525120000391, 260525120000175, 260525120000291, 260525120000191, '南京瑞丰供应链有限公司', '发货地址 13', '收货地址 13', '电子元件', 49.000, 2.300, 'DELIVERED', current_timestamp, current_timestamp, current_timestamp, current_timestamp);
insert into logistics_order (id, order_no, customer_id, route_id, warehouse_id, vehicle_id, driver_id, customer_name, sender_address, receiver_address, cargo_name, cargo_weight, cargo_volume, status, planned_pickup_time, planned_delivery_time, created_at, updated_at) values (260525120000412, 'LO-DEMO-0014', 260525120000084, 260525120000392, 260525120000176, 260525120000292, 260525120000192, '成都新程供应链有限公司', '发货地址 14', '收货地址 14', '办公耗材', 52.000, 2.400, 'EXCEPTION', current_timestamp, current_timestamp, current_timestamp, current_timestamp);
insert into logistics_order (id, order_no, customer_id, route_id, warehouse_id, vehicle_id, driver_id, customer_name, sender_address, receiver_address, cargo_name, cargo_weight, cargo_volume, status, planned_pickup_time, planned_delivery_time, created_at, updated_at) values (260525120000413, 'LO-DEMO-0015', 260525120000085, 260525120000393, 260525120000177, 260525120000293, 260525120000193, '武汉嘉运供应链有限公司', '发货地址 15', '收货地址 15', '服装样品', 55.000, 2.500, 'WAIT_DISPATCH', current_timestamp, current_timestamp, current_timestamp, current_timestamp);
insert into logistics_order (id, order_no, customer_id, route_id, warehouse_id, vehicle_id, driver_id, customer_name, sender_address, receiver_address, cargo_name, cargo_weight, cargo_volume, status, planned_pickup_time, planned_delivery_time, created_at, updated_at) values (260525120000414, 'LO-DEMO-0016', 260525120000086, 260525120000394, 260525120000178, 260525120000294, 260525120000194, '上海星河供应链有限公司', '发货地址 16', '收货地址 16', '汽车配件', 58.000, 2.600, 'DISPATCHED', current_timestamp, current_timestamp, current_timestamp, current_timestamp);
insert into logistics_order (id, order_no, customer_id, route_id, warehouse_id, vehicle_id, driver_id, customer_name, sender_address, receiver_address, cargo_name, cargo_weight, cargo_volume, status, planned_pickup_time, planned_delivery_time, created_at, updated_at) values (260525120000415, 'LO-DEMO-0017', 260525120000087, 260525120000395, 260525120000171, 260525120000295, 260525120000195, '北京远航供应链有限公司', '发货地址 17', '收货地址 17', '生鲜周转箱', 61.000, 2.700, 'IN_TRANSIT', current_timestamp, current_timestamp, current_timestamp, current_timestamp);
insert into logistics_order (id, order_no, customer_id, route_id, warehouse_id, vehicle_id, driver_id, customer_name, sender_address, receiver_address, cargo_name, cargo_weight, cargo_volume, status, planned_pickup_time, planned_delivery_time, created_at, updated_at) values (260525120000416, 'LO-DEMO-0018', 260525120000088, 260525120000396, 260525120000172, 260525120000296, 260525120000196, '广州优品供应链有限公司', '发货地址 18', '收货地址 18', '电子元件', 64.000, 2.800, 'DELIVERED', current_timestamp, current_timestamp, current_timestamp, current_timestamp);
insert into logistics_order (id, order_no, customer_id, route_id, warehouse_id, vehicle_id, driver_id, customer_name, sender_address, receiver_address, cargo_name, cargo_weight, cargo_volume, status, planned_pickup_time, planned_delivery_time, created_at, updated_at) values (260525120000417, 'LO-DEMO-0019', 260525120000089, 260525120000397, 260525120000173, 260525120000297, 260525120000197, '深圳恒达供应链有限公司', '发货地址 19', '收货地址 19', '办公耗材', 67.000, 2.900, 'EXCEPTION', current_timestamp, current_timestamp, current_timestamp, current_timestamp);
insert into logistics_order (id, order_no, customer_id, route_id, warehouse_id, vehicle_id, driver_id, customer_name, sender_address, receiver_address, cargo_name, cargo_weight, cargo_volume, status, planned_pickup_time, planned_delivery_time, created_at, updated_at) values (260525120000418, 'LO-DEMO-0020', 260525120000090, 260525120000398, 260525120000174, 260525120000298, 260525120000198, '杭州云仓供应链有限公司', '发货地址 20', '收货地址 20', '服装样品', 70.000, 3.000, 'WAIT_DISPATCH', current_timestamp, current_timestamp, current_timestamp, current_timestamp);
insert into logistics_order (id, order_no, customer_id, route_id, warehouse_id, vehicle_id, driver_id, customer_name, sender_address, receiver_address, cargo_name, cargo_weight, cargo_volume, status, planned_pickup_time, planned_delivery_time, created_at, updated_at) values (260525120000419, 'LO-DEMO-0021', 260525120000091, 260525120000379, 260525120000175, 260525120000299, 260525120000199, '南京瑞丰供应链有限公司', '发货地址 21', '收货地址 21', '汽车配件', 73.000, 3.100, 'DISPATCHED', current_timestamp, current_timestamp, current_timestamp, current_timestamp);
insert into logistics_order (id, order_no, customer_id, route_id, warehouse_id, vehicle_id, driver_id, customer_name, sender_address, receiver_address, cargo_name, cargo_weight, cargo_volume, status, planned_pickup_time, planned_delivery_time, created_at, updated_at) values (260525120000420, 'LO-DEMO-0022', 260525120000092, 260525120000380, 260525120000176, 260525120000300, 260525120000200, '成都新程供应链有限公司', '发货地址 22', '收货地址 22', '生鲜周转箱', 76.000, 3.200, 'IN_TRANSIT', current_timestamp, current_timestamp, current_timestamp, current_timestamp);
insert into logistics_order (id, order_no, customer_id, route_id, warehouse_id, vehicle_id, driver_id, customer_name, sender_address, receiver_address, cargo_name, cargo_weight, cargo_volume, status, planned_pickup_time, planned_delivery_time, created_at, updated_at) values (260525120000421, 'LO-DEMO-0023', 260525120000093, 260525120000381, 260525120000177, 260525120000301, 260525120000201, '武汉嘉运供应链有限公司', '发货地址 23', '收货地址 23', '电子元件', 79.000, 3.300, 'DELIVERED', current_timestamp, current_timestamp, current_timestamp, current_timestamp);
insert into logistics_order (id, order_no, customer_id, route_id, warehouse_id, vehicle_id, driver_id, customer_name, sender_address, receiver_address, cargo_name, cargo_weight, cargo_volume, status, planned_pickup_time, planned_delivery_time, created_at, updated_at) values (260525120000422, 'LO-DEMO-0024', 260525120000094, 260525120000382, 260525120000178, 260525120000302, 260525120000202, '上海星河供应链有限公司', '发货地址 24', '收货地址 24', '办公耗材', 82.000, 3.400, 'EXCEPTION', current_timestamp, current_timestamp, current_timestamp, current_timestamp);
insert into logistics_order (id, order_no, customer_id, route_id, warehouse_id, vehicle_id, driver_id, customer_name, sender_address, receiver_address, cargo_name, cargo_weight, cargo_volume, status, planned_pickup_time, planned_delivery_time, created_at, updated_at) values (260525120000423, 'LO-DEMO-0025', 260525120000095, 260525120000383, 260525120000171, 260525120000303, 260525120000203, '北京远航供应链有限公司', '发货地址 25', '收货地址 25', '服装样品', 85.000, 3.500, 'WAIT_DISPATCH', current_timestamp, current_timestamp, current_timestamp, current_timestamp);
insert into logistics_order (id, order_no, customer_id, route_id, warehouse_id, vehicle_id, driver_id, customer_name, sender_address, receiver_address, cargo_name, cargo_weight, cargo_volume, status, planned_pickup_time, planned_delivery_time, created_at, updated_at) values (260525120000424, 'LO-DEMO-0026', 260525120000096, 260525120000384, 260525120000172, 260525120000304, 260525120000204, '广州优品供应链有限公司', '发货地址 26', '收货地址 26', '汽车配件', 88.000, 3.600, 'DISPATCHED', current_timestamp, current_timestamp, current_timestamp, current_timestamp);
insert into logistics_order (id, order_no, customer_id, route_id, warehouse_id, vehicle_id, driver_id, customer_name, sender_address, receiver_address, cargo_name, cargo_weight, cargo_volume, status, planned_pickup_time, planned_delivery_time, created_at, updated_at) values (260525120000425, 'LO-DEMO-0027', 260525120000097, 260525120000385, 260525120000173, 260525120000305, 260525120000205, '深圳恒达供应链有限公司', '发货地址 27', '收货地址 27', '生鲜周转箱', 91.000, 3.700, 'IN_TRANSIT', current_timestamp, current_timestamp, current_timestamp, current_timestamp);
insert into logistics_order (id, order_no, customer_id, route_id, warehouse_id, vehicle_id, driver_id, customer_name, sender_address, receiver_address, cargo_name, cargo_weight, cargo_volume, status, planned_pickup_time, planned_delivery_time, created_at, updated_at) values (260525120000426, 'LO-DEMO-0028', 260525120000098, 260525120000386, 260525120000174, 260525120000306, 260525120000206, '杭州云仓供应链有限公司', '发货地址 28', '收货地址 28', '电子元件', 94.000, 3.800, 'DELIVERED', current_timestamp, current_timestamp, current_timestamp, current_timestamp);
insert into logistics_order (id, order_no, customer_id, route_id, warehouse_id, vehicle_id, driver_id, customer_name, sender_address, receiver_address, cargo_name, cargo_weight, cargo_volume, status, planned_pickup_time, planned_delivery_time, created_at, updated_at) values (260525120000427, 'LO-DEMO-0029', 260525120000099, 260525120000387, 260525120000175, 260525120000307, 260525120000207, '南京瑞丰供应链有限公司', '发货地址 29', '收货地址 29', '办公耗材', 97.000, 3.900, 'EXCEPTION', current_timestamp, current_timestamp, current_timestamp, current_timestamp);
insert into logistics_order (id, order_no, customer_id, route_id, warehouse_id, vehicle_id, driver_id, customer_name, sender_address, receiver_address, cargo_name, cargo_weight, cargo_volume, status, planned_pickup_time, planned_delivery_time, created_at, updated_at) values (260525120000428, 'LO-DEMO-0030', 260525120000100, 260525120000388, 260525120000176, 260525120000308, 260525120000208, '成都新程供应链有限公司', '发货地址 30', '收货地址 30', '服装样品', 100.000, 4.000, 'WAIT_DISPATCH', current_timestamp, current_timestamp, current_timestamp, current_timestamp);
insert into logistics_order (id, order_no, customer_id, route_id, warehouse_id, vehicle_id, driver_id, customer_name, sender_address, receiver_address, cargo_name, cargo_weight, cargo_volume, status, planned_pickup_time, planned_delivery_time, created_at, updated_at) values (260525120000429, 'LO-DEMO-0031', 260525120000101, 260525120000389, 260525120000177, 260525120000309, 260525120000209, '武汉嘉运供应链有限公司', '发货地址 31', '收货地址 31', '汽车配件', 103.000, 4.100, 'DISPATCHED', current_timestamp, current_timestamp, current_timestamp, current_timestamp);
insert into logistics_order (id, order_no, customer_id, route_id, warehouse_id, vehicle_id, driver_id, customer_name, sender_address, receiver_address, cargo_name, cargo_weight, cargo_volume, status, planned_pickup_time, planned_delivery_time, created_at, updated_at) values (260525120000430, 'LO-DEMO-0032', 260525120000102, 260525120000390, 260525120000178, 260525120000310, 260525120000210, '上海星河供应链有限公司', '发货地址 32', '收货地址 32', '生鲜周转箱', 106.000, 4.200, 'IN_TRANSIT', current_timestamp, current_timestamp, current_timestamp, current_timestamp);
insert into logistics_order (id, order_no, customer_id, route_id, warehouse_id, vehicle_id, driver_id, customer_name, sender_address, receiver_address, cargo_name, cargo_weight, cargo_volume, status, planned_pickup_time, planned_delivery_time, created_at, updated_at) values (260525120000431, 'LO-DEMO-0033', 260525120000103, 260525120000391, 260525120000171, 260525120000311, 260525120000211, '北京远航供应链有限公司', '发货地址 33', '收货地址 33', '电子元件', 109.000, 4.300, 'DELIVERED', current_timestamp, current_timestamp, current_timestamp, current_timestamp);
insert into logistics_order (id, order_no, customer_id, route_id, warehouse_id, vehicle_id, driver_id, customer_name, sender_address, receiver_address, cargo_name, cargo_weight, cargo_volume, status, planned_pickup_time, planned_delivery_time, created_at, updated_at) values (260525120000432, 'LO-DEMO-0034', 260525120000104, 260525120000392, 260525120000172, 260525120000312, 260525120000212, '广州优品供应链有限公司', '发货地址 34', '收货地址 34', '办公耗材', 112.000, 4.400, 'EXCEPTION', current_timestamp, current_timestamp, current_timestamp, current_timestamp);
insert into logistics_order (id, order_no, customer_id, route_id, warehouse_id, vehicle_id, driver_id, customer_name, sender_address, receiver_address, cargo_name, cargo_weight, cargo_volume, status, planned_pickup_time, planned_delivery_time, created_at, updated_at) values (260525120000433, 'LO-DEMO-0035', 260525120000105, 260525120000393, 260525120000173, 260525120000313, 260525120000213, '深圳恒达供应链有限公司', '发货地址 35', '收货地址 35', '服装样品', 115.000, 4.500, 'WAIT_DISPATCH', current_timestamp, current_timestamp, current_timestamp, current_timestamp);
insert into logistics_order (id, order_no, customer_id, route_id, warehouse_id, vehicle_id, driver_id, customer_name, sender_address, receiver_address, cargo_name, cargo_weight, cargo_volume, status, planned_pickup_time, planned_delivery_time, created_at, updated_at) values (260525120000434, 'LO-DEMO-0036', 260525120000106, 260525120000394, 260525120000174, 260525120000314, 260525120000214, '杭州云仓供应链有限公司', '发货地址 36', '收货地址 36', '汽车配件', 118.000, 4.600, 'DISPATCHED', current_timestamp, current_timestamp, current_timestamp, current_timestamp);
insert into logistics_order (id, order_no, customer_id, route_id, warehouse_id, vehicle_id, driver_id, customer_name, sender_address, receiver_address, cargo_name, cargo_weight, cargo_volume, status, planned_pickup_time, planned_delivery_time, created_at, updated_at) values (260525120000435, 'LO-DEMO-0037', 260525120000107, 260525120000395, 260525120000175, 260525120000315, 260525120000215, '南京瑞丰供应链有限公司', '发货地址 37', '收货地址 37', '生鲜周转箱', 121.000, 4.700, 'IN_TRANSIT', current_timestamp, current_timestamp, current_timestamp, current_timestamp);
insert into logistics_order (id, order_no, customer_id, route_id, warehouse_id, vehicle_id, driver_id, customer_name, sender_address, receiver_address, cargo_name, cargo_weight, cargo_volume, status, planned_pickup_time, planned_delivery_time, created_at, updated_at) values (260525120000436, 'LO-DEMO-0038', 260525120000108, 260525120000396, 260525120000176, 260525120000316, 260525120000216, '成都新程供应链有限公司', '发货地址 38', '收货地址 38', '电子元件', 124.000, 4.800, 'DELIVERED', current_timestamp, current_timestamp, current_timestamp, current_timestamp);
insert into logistics_order (id, order_no, customer_id, route_id, warehouse_id, vehicle_id, driver_id, customer_name, sender_address, receiver_address, cargo_name, cargo_weight, cargo_volume, status, planned_pickup_time, planned_delivery_time, created_at, updated_at) values (260525120000437, 'LO-DEMO-0039', 260525120000109, 260525120000397, 260525120000177, 260525120000317, 260525120000217, '武汉嘉运供应链有限公司', '发货地址 39', '收货地址 39', '办公耗材', 127.000, 4.900, 'EXCEPTION', current_timestamp, current_timestamp, current_timestamp, current_timestamp);
insert into logistics_order (id, order_no, customer_id, route_id, warehouse_id, vehicle_id, driver_id, customer_name, sender_address, receiver_address, cargo_name, cargo_weight, cargo_volume, status, planned_pickup_time, planned_delivery_time, created_at, updated_at) values (260525120000438, 'LO-DEMO-0040', 260525120000110, 260525120000398, 260525120000178, 260525120000318, 260525120000218, '上海星河供应链有限公司', '发货地址 40', '收货地址 40', '服装样品', 130.000, 5.000, 'WAIT_DISPATCH', current_timestamp, current_timestamp, current_timestamp, current_timestamp);
insert into logistics_order (id, order_no, customer_id, route_id, warehouse_id, vehicle_id, driver_id, customer_name, sender_address, receiver_address, cargo_name, cargo_weight, cargo_volume, status, planned_pickup_time, planned_delivery_time, created_at, updated_at) values (260525120000439, 'LO-DEMO-0041', 260525120000111, 260525120000379, 260525120000171, 260525120000319, 260525120000219, '北京远航供应链有限公司', '发货地址 41', '收货地址 41', '汽车配件', 133.000, 5.100, 'DISPATCHED', current_timestamp, current_timestamp, current_timestamp, current_timestamp);
insert into logistics_order (id, order_no, customer_id, route_id, warehouse_id, vehicle_id, driver_id, customer_name, sender_address, receiver_address, cargo_name, cargo_weight, cargo_volume, status, planned_pickup_time, planned_delivery_time, created_at, updated_at) values (260525120000440, 'LO-DEMO-0042', 260525120000112, 260525120000380, 260525120000172, 260525120000320, 260525120000220, '广州优品供应链有限公司', '发货地址 42', '收货地址 42', '生鲜周转箱', 136.000, 5.200, 'IN_TRANSIT', current_timestamp, current_timestamp, current_timestamp, current_timestamp);
insert into logistics_order (id, order_no, customer_id, route_id, warehouse_id, vehicle_id, driver_id, customer_name, sender_address, receiver_address, cargo_name, cargo_weight, cargo_volume, status, planned_pickup_time, planned_delivery_time, created_at, updated_at) values (260525120000441, 'LO-DEMO-0043', 260525120000113, 260525120000381, 260525120000173, 260525120000321, 260525120000221, '深圳恒达供应链有限公司', '发货地址 43', '收货地址 43', '电子元件', 139.000, 5.300, 'DELIVERED', current_timestamp, current_timestamp, current_timestamp, current_timestamp);
insert into logistics_order (id, order_no, customer_id, route_id, warehouse_id, vehicle_id, driver_id, customer_name, sender_address, receiver_address, cargo_name, cargo_weight, cargo_volume, status, planned_pickup_time, planned_delivery_time, created_at, updated_at) values (260525120000442, 'LO-DEMO-0044', 260525120000114, 260525120000382, 260525120000174, 260525120000322, 260525120000222, '杭州云仓供应链有限公司', '发货地址 44', '收货地址 44', '办公耗材', 142.000, 5.400, 'EXCEPTION', current_timestamp, current_timestamp, current_timestamp, current_timestamp);
insert into logistics_order (id, order_no, customer_id, route_id, warehouse_id, vehicle_id, driver_id, customer_name, sender_address, receiver_address, cargo_name, cargo_weight, cargo_volume, status, planned_pickup_time, planned_delivery_time, created_at, updated_at) values (260525120000443, 'LO-DEMO-0045', 260525120000115, 260525120000383, 260525120000175, 260525120000323, 260525120000223, '南京瑞丰供应链有限公司', '发货地址 45', '收货地址 45', '服装样品', 145.000, 5.500, 'WAIT_DISPATCH', current_timestamp, current_timestamp, current_timestamp, current_timestamp);
insert into logistics_order (id, order_no, customer_id, route_id, warehouse_id, vehicle_id, driver_id, customer_name, sender_address, receiver_address, cargo_name, cargo_weight, cargo_volume, status, planned_pickup_time, planned_delivery_time, created_at, updated_at) values (260525120000444, 'LO-DEMO-0046', 260525120000116, 260525120000384, 260525120000176, 260525120000324, 260525120000224, '成都新程供应链有限公司', '发货地址 46', '收货地址 46', '汽车配件', 148.000, 5.600, 'DISPATCHED', current_timestamp, current_timestamp, current_timestamp, current_timestamp);
insert into logistics_order (id, order_no, customer_id, route_id, warehouse_id, vehicle_id, driver_id, customer_name, sender_address, receiver_address, cargo_name, cargo_weight, cargo_volume, status, planned_pickup_time, planned_delivery_time, created_at, updated_at) values (260525120000445, 'LO-DEMO-0047', 260525120000117, 260525120000385, 260525120000177, 260525120000325, 260525120000225, '武汉嘉运供应链有限公司', '发货地址 47', '收货地址 47', '生鲜周转箱', 151.000, 5.700, 'IN_TRANSIT', current_timestamp, current_timestamp, current_timestamp, current_timestamp);
insert into logistics_order (id, order_no, customer_id, route_id, warehouse_id, vehicle_id, driver_id, customer_name, sender_address, receiver_address, cargo_name, cargo_weight, cargo_volume, status, planned_pickup_time, planned_delivery_time, created_at, updated_at) values (260525120000446, 'LO-DEMO-0048', 260525120000118, 260525120000386, 260525120000178, 260525120000326, 260525120000226, '上海星河供应链有限公司', '发货地址 48', '收货地址 48', '电子元件', 154.000, 5.800, 'DELIVERED', current_timestamp, current_timestamp, current_timestamp, current_timestamp);
insert into logistics_order (id, order_no, customer_id, route_id, warehouse_id, vehicle_id, driver_id, customer_name, sender_address, receiver_address, cargo_name, cargo_weight, cargo_volume, status, planned_pickup_time, planned_delivery_time, created_at, updated_at) values (260525120000447, 'LO-DEMO-0049', 260525120000119, 260525120000387, 260525120000171, 260525120000327, 260525120000227, '北京远航供应链有限公司', '发货地址 49', '收货地址 49', '办公耗材', 157.000, 5.900, 'EXCEPTION', current_timestamp, current_timestamp, current_timestamp, current_timestamp);
insert into logistics_order (id, order_no, customer_id, route_id, warehouse_id, vehicle_id, driver_id, customer_name, sender_address, receiver_address, cargo_name, cargo_weight, cargo_volume, status, planned_pickup_time, planned_delivery_time, created_at, updated_at) values (260525120000448, 'LO-DEMO-0050', 260525120000120, 260525120000388, 260525120000172, 260525120000328, 260525120000228, '广州优品供应链有限公司', '发货地址 50', '收货地址 50', '服装样品', 160.000, 6.000, 'WAIT_DISPATCH', current_timestamp, current_timestamp, current_timestamp, current_timestamp);
insert into logistics_order (id, order_no, customer_id, route_id, warehouse_id, vehicle_id, driver_id, customer_name, sender_address, receiver_address, cargo_name, cargo_weight, cargo_volume, status, planned_pickup_time, planned_delivery_time, created_at, updated_at) values (260525120000449, 'LO-DEMO-0051', 260525120000121, 260525120000389, 260525120000173, 260525120000329, 260525120000229, '深圳恒达供应链有限公司', '发货地址 51', '收货地址 51', '汽车配件', 163.000, 6.100, 'DISPATCHED', current_timestamp, current_timestamp, current_timestamp, current_timestamp);
insert into logistics_order (id, order_no, customer_id, route_id, warehouse_id, vehicle_id, driver_id, customer_name, sender_address, receiver_address, cargo_name, cargo_weight, cargo_volume, status, planned_pickup_time, planned_delivery_time, created_at, updated_at) values (260525120000450, 'LO-DEMO-0052', 260525120000122, 260525120000390, 260525120000174, 260525120000330, 260525120000230, '杭州云仓供应链有限公司', '发货地址 52', '收货地址 52', '生鲜周转箱', 166.000, 6.200, 'IN_TRANSIT', current_timestamp, current_timestamp, current_timestamp, current_timestamp);
insert into logistics_order (id, order_no, customer_id, route_id, warehouse_id, vehicle_id, driver_id, customer_name, sender_address, receiver_address, cargo_name, cargo_weight, cargo_volume, status, planned_pickup_time, planned_delivery_time, created_at, updated_at) values (260525120000451, 'LO-DEMO-0053', 260525120000123, 260525120000391, 260525120000175, 260525120000331, 260525120000231, '南京瑞丰供应链有限公司', '发货地址 53', '收货地址 53', '电子元件', 169.000, 6.300, 'DELIVERED', current_timestamp, current_timestamp, current_timestamp, current_timestamp);
insert into logistics_order (id, order_no, customer_id, route_id, warehouse_id, vehicle_id, driver_id, customer_name, sender_address, receiver_address, cargo_name, cargo_weight, cargo_volume, status, planned_pickup_time, planned_delivery_time, created_at, updated_at) values (260525120000452, 'LO-DEMO-0054', 260525120000124, 260525120000392, 260525120000176, 260525120000332, 260525120000232, '成都新程供应链有限公司', '发货地址 54', '收货地址 54', '办公耗材', 172.000, 6.400, 'EXCEPTION', current_timestamp, current_timestamp, current_timestamp, current_timestamp);
insert into logistics_order (id, order_no, customer_id, route_id, warehouse_id, vehicle_id, driver_id, customer_name, sender_address, receiver_address, cargo_name, cargo_weight, cargo_volume, status, planned_pickup_time, planned_delivery_time, created_at, updated_at) values (260525120000453, 'LO-DEMO-0055', 260525120000125, 260525120000393, 260525120000177, 260525120000333, 260525120000233, '武汉嘉运供应链有限公司', '发货地址 55', '收货地址 55', '服装样品', 175.000, 6.500, 'WAIT_DISPATCH', current_timestamp, current_timestamp, current_timestamp, current_timestamp);
insert into logistics_order (id, order_no, customer_id, route_id, warehouse_id, vehicle_id, driver_id, customer_name, sender_address, receiver_address, cargo_name, cargo_weight, cargo_volume, status, planned_pickup_time, planned_delivery_time, created_at, updated_at) values (260525120000454, 'LO-DEMO-0056', 260525120000126, 260525120000394, 260525120000178, 260525120000334, 260525120000234, '上海星河供应链有限公司', '发货地址 56', '收货地址 56', '汽车配件', 178.000, 6.600, 'DISPATCHED', current_timestamp, current_timestamp, current_timestamp, current_timestamp);
insert into logistics_order (id, order_no, customer_id, route_id, warehouse_id, vehicle_id, driver_id, customer_name, sender_address, receiver_address, cargo_name, cargo_weight, cargo_volume, status, planned_pickup_time, planned_delivery_time, created_at, updated_at) values (260525120000455, 'LO-DEMO-0057', 260525120000127, 260525120000395, 260525120000171, 260525120000335, 260525120000235, '北京远航供应链有限公司', '发货地址 57', '收货地址 57', '生鲜周转箱', 181.000, 6.700, 'IN_TRANSIT', current_timestamp, current_timestamp, current_timestamp, current_timestamp);
insert into logistics_order (id, order_no, customer_id, route_id, warehouse_id, vehicle_id, driver_id, customer_name, sender_address, receiver_address, cargo_name, cargo_weight, cargo_volume, status, planned_pickup_time, planned_delivery_time, created_at, updated_at) values (260525120000456, 'LO-DEMO-0058', 260525120000128, 260525120000396, 260525120000172, 260525120000336, 260525120000236, '广州优品供应链有限公司', '发货地址 58', '收货地址 58', '电子元件', 184.000, 6.800, 'DELIVERED', current_timestamp, current_timestamp, current_timestamp, current_timestamp);
insert into logistics_order (id, order_no, customer_id, route_id, warehouse_id, vehicle_id, driver_id, customer_name, sender_address, receiver_address, cargo_name, cargo_weight, cargo_volume, status, planned_pickup_time, planned_delivery_time, created_at, updated_at) values (260525120000457, 'LO-DEMO-0059', 260525120000129, 260525120000397, 260525120000173, 260525120000337, 260525120000237, '深圳恒达供应链有限公司', '发货地址 59', '收货地址 59', '办公耗材', 187.000, 6.900, 'EXCEPTION', current_timestamp, current_timestamp, current_timestamp, current_timestamp);
insert into logistics_order (id, order_no, customer_id, route_id, warehouse_id, vehicle_id, driver_id, customer_name, sender_address, receiver_address, cargo_name, cargo_weight, cargo_volume, status, planned_pickup_time, planned_delivery_time, created_at, updated_at) values (260525120000458, 'LO-DEMO-0060', 260525120000130, 260525120000398, 260525120000174, 260525120000338, 260525120000238, '杭州云仓供应链有限公司', '发货地址 60', '收货地址 60', '服装样品', 190.000, 7.000, 'WAIT_DISPATCH', current_timestamp, current_timestamp, current_timestamp, current_timestamp);
insert into logistics_order (id, order_no, customer_id, route_id, warehouse_id, vehicle_id, driver_id, customer_name, sender_address, receiver_address, cargo_name, cargo_weight, cargo_volume, status, planned_pickup_time, planned_delivery_time, created_at, updated_at) values (260525120000459, 'LO-DEMO-0061', 260525120000131, 260525120000379, 260525120000175, 260525120000339, 260525120000239, '南京瑞丰供应链有限公司', '发货地址 61', '收货地址 61', '汽车配件', 193.000, 7.100, 'DISPATCHED', current_timestamp, current_timestamp, current_timestamp, current_timestamp);
insert into logistics_order (id, order_no, customer_id, route_id, warehouse_id, vehicle_id, driver_id, customer_name, sender_address, receiver_address, cargo_name, cargo_weight, cargo_volume, status, planned_pickup_time, planned_delivery_time, created_at, updated_at) values (260525120000460, 'LO-DEMO-0062', 260525120000132, 260525120000380, 260525120000176, 260525120000340, 260525120000240, '成都新程供应链有限公司', '发货地址 62', '收货地址 62', '生鲜周转箱', 196.000, 7.200, 'IN_TRANSIT', current_timestamp, current_timestamp, current_timestamp, current_timestamp);
insert into logistics_order (id, order_no, customer_id, route_id, warehouse_id, vehicle_id, driver_id, customer_name, sender_address, receiver_address, cargo_name, cargo_weight, cargo_volume, status, planned_pickup_time, planned_delivery_time, created_at, updated_at) values (260525120000461, 'LO-DEMO-0063', 260525120000133, 260525120000381, 260525120000177, 260525120000341, 260525120000241, '武汉嘉运供应链有限公司', '发货地址 63', '收货地址 63', '电子元件', 199.000, 7.300, 'DELIVERED', current_timestamp, current_timestamp, current_timestamp, current_timestamp);
insert into logistics_order (id, order_no, customer_id, route_id, warehouse_id, vehicle_id, driver_id, customer_name, sender_address, receiver_address, cargo_name, cargo_weight, cargo_volume, status, planned_pickup_time, planned_delivery_time, created_at, updated_at) values (260525120000462, 'LO-DEMO-0064', 260525120000134, 260525120000382, 260525120000178, 260525120000342, 260525120000242, '上海星河供应链有限公司', '发货地址 64', '收货地址 64', '办公耗材', 202.000, 7.400, 'EXCEPTION', current_timestamp, current_timestamp, current_timestamp, current_timestamp);
insert into logistics_order (id, order_no, customer_id, route_id, warehouse_id, vehicle_id, driver_id, customer_name, sender_address, receiver_address, cargo_name, cargo_weight, cargo_volume, status, planned_pickup_time, planned_delivery_time, created_at, updated_at) values (260525120000463, 'LO-DEMO-0065', 260525120000135, 260525120000383, 260525120000171, 260525120000343, 260525120000243, '北京远航供应链有限公司', '发货地址 65', '收货地址 65', '服装样品', 205.000, 7.500, 'WAIT_DISPATCH', current_timestamp, current_timestamp, current_timestamp, current_timestamp);
insert into logistics_order (id, order_no, customer_id, route_id, warehouse_id, vehicle_id, driver_id, customer_name, sender_address, receiver_address, cargo_name, cargo_weight, cargo_volume, status, planned_pickup_time, planned_delivery_time, created_at, updated_at) values (260525120000464, 'LO-DEMO-0066', 260525120000136, 260525120000384, 260525120000172, 260525120000344, 260525120000244, '广州优品供应链有限公司', '发货地址 66', '收货地址 66', '汽车配件', 208.000, 7.600, 'DISPATCHED', current_timestamp, current_timestamp, current_timestamp, current_timestamp);
insert into logistics_order (id, order_no, customer_id, route_id, warehouse_id, vehicle_id, driver_id, customer_name, sender_address, receiver_address, cargo_name, cargo_weight, cargo_volume, status, planned_pickup_time, planned_delivery_time, created_at, updated_at) values (260525120000465, 'LO-DEMO-0067', 260525120000137, 260525120000385, 260525120000173, 260525120000345, 260525120000245, '深圳恒达供应链有限公司', '发货地址 67', '收货地址 67', '生鲜周转箱', 211.000, 7.700, 'IN_TRANSIT', current_timestamp, current_timestamp, current_timestamp, current_timestamp);
insert into logistics_order (id, order_no, customer_id, route_id, warehouse_id, vehicle_id, driver_id, customer_name, sender_address, receiver_address, cargo_name, cargo_weight, cargo_volume, status, planned_pickup_time, planned_delivery_time, created_at, updated_at) values (260525120000466, 'LO-DEMO-0068', 260525120000138, 260525120000386, 260525120000174, 260525120000346, 260525120000246, '杭州云仓供应链有限公司', '发货地址 68', '收货地址 68', '电子元件', 214.000, 7.800, 'DELIVERED', current_timestamp, current_timestamp, current_timestamp, current_timestamp);
insert into logistics_order (id, order_no, customer_id, route_id, warehouse_id, vehicle_id, driver_id, customer_name, sender_address, receiver_address, cargo_name, cargo_weight, cargo_volume, status, planned_pickup_time, planned_delivery_time, created_at, updated_at) values (260525120000467, 'LO-DEMO-0069', 260525120000139, 260525120000387, 260525120000175, 260525120000347, 260525120000247, '南京瑞丰供应链有限公司', '发货地址 69', '收货地址 69', '办公耗材', 217.000, 7.900, 'EXCEPTION', current_timestamp, current_timestamp, current_timestamp, current_timestamp);
insert into logistics_order (id, order_no, customer_id, route_id, warehouse_id, vehicle_id, driver_id, customer_name, sender_address, receiver_address, cargo_name, cargo_weight, cargo_volume, status, planned_pickup_time, planned_delivery_time, created_at, updated_at) values (260525120000468, 'LO-DEMO-0070', 260525120000140, 260525120000388, 260525120000176, 260525120000348, 260525120000248, '成都新程供应链有限公司', '发货地址 70', '收货地址 70', '服装样品', 220.000, 8.000, 'WAIT_DISPATCH', current_timestamp, current_timestamp, current_timestamp, current_timestamp);
insert into logistics_order (id, order_no, customer_id, route_id, warehouse_id, vehicle_id, driver_id, customer_name, sender_address, receiver_address, cargo_name, cargo_weight, cargo_volume, status, planned_pickup_time, planned_delivery_time, created_at, updated_at) values (260525120000469, 'LO-DEMO-0071', 260525120000141, 260525120000389, 260525120000177, 260525120000349, 260525120000249, '武汉嘉运供应链有限公司', '发货地址 71', '收货地址 71', '汽车配件', 223.000, 8.100, 'DISPATCHED', current_timestamp, current_timestamp, current_timestamp, current_timestamp);
insert into logistics_order (id, order_no, customer_id, route_id, warehouse_id, vehicle_id, driver_id, customer_name, sender_address, receiver_address, cargo_name, cargo_weight, cargo_volume, status, planned_pickup_time, planned_delivery_time, created_at, updated_at) values (260525120000470, 'LO-DEMO-0072', 260525120000142, 260525120000390, 260525120000178, 260525120000350, 260525120000250, '上海星河供应链有限公司', '发货地址 72', '收货地址 72', '生鲜周转箱', 226.000, 8.200, 'IN_TRANSIT', current_timestamp, current_timestamp, current_timestamp, current_timestamp);
insert into logistics_order (id, order_no, customer_id, route_id, warehouse_id, vehicle_id, driver_id, customer_name, sender_address, receiver_address, cargo_name, cargo_weight, cargo_volume, status, planned_pickup_time, planned_delivery_time, created_at, updated_at) values (260525120000471, 'LO-DEMO-0073', 260525120000143, 260525120000391, 260525120000171, 260525120000351, 260525120000251, '北京远航供应链有限公司', '发货地址 73', '收货地址 73', '电子元件', 229.000, 8.300, 'DELIVERED', current_timestamp, current_timestamp, current_timestamp, current_timestamp);
insert into logistics_order (id, order_no, customer_id, route_id, warehouse_id, vehicle_id, driver_id, customer_name, sender_address, receiver_address, cargo_name, cargo_weight, cargo_volume, status, planned_pickup_time, planned_delivery_time, created_at, updated_at) values (260525120000472, 'LO-DEMO-0074', 260525120000144, 260525120000392, 260525120000172, 260525120000352, 260525120000252, '广州优品供应链有限公司', '发货地址 74', '收货地址 74', '办公耗材', 232.000, 8.400, 'EXCEPTION', current_timestamp, current_timestamp, current_timestamp, current_timestamp);
insert into logistics_order (id, order_no, customer_id, route_id, warehouse_id, vehicle_id, driver_id, customer_name, sender_address, receiver_address, cargo_name, cargo_weight, cargo_volume, status, planned_pickup_time, planned_delivery_time, created_at, updated_at) values (260525120000473, 'LO-DEMO-0075', 260525120000145, 260525120000393, 260525120000173, 260525120000353, 260525120000253, '深圳恒达供应链有限公司', '发货地址 75', '收货地址 75', '服装样品', 235.000, 8.500, 'WAIT_DISPATCH', current_timestamp, current_timestamp, current_timestamp, current_timestamp);
insert into logistics_order (id, order_no, customer_id, route_id, warehouse_id, vehicle_id, driver_id, customer_name, sender_address, receiver_address, cargo_name, cargo_weight, cargo_volume, status, planned_pickup_time, planned_delivery_time, created_at, updated_at) values (260525120000474, 'LO-DEMO-0076', 260525120000146, 260525120000394, 260525120000174, 260525120000354, 260525120000254, '杭州云仓供应链有限公司', '发货地址 76', '收货地址 76', '汽车配件', 238.000, 8.600, 'DISPATCHED', current_timestamp, current_timestamp, current_timestamp, current_timestamp);
insert into logistics_order (id, order_no, customer_id, route_id, warehouse_id, vehicle_id, driver_id, customer_name, sender_address, receiver_address, cargo_name, cargo_weight, cargo_volume, status, planned_pickup_time, planned_delivery_time, created_at, updated_at) values (260525120000475, 'LO-DEMO-0077', 260525120000147, 260525120000395, 260525120000175, 260525120000355, 260525120000255, '南京瑞丰供应链有限公司', '发货地址 77', '收货地址 77', '生鲜周转箱', 241.000, 8.700, 'IN_TRANSIT', current_timestamp, current_timestamp, current_timestamp, current_timestamp);
insert into logistics_order (id, order_no, customer_id, route_id, warehouse_id, vehicle_id, driver_id, customer_name, sender_address, receiver_address, cargo_name, cargo_weight, cargo_volume, status, planned_pickup_time, planned_delivery_time, created_at, updated_at) values (260525120000476, 'LO-DEMO-0078', 260525120000148, 260525120000396, 260525120000176, 260525120000356, 260525120000256, '成都新程供应链有限公司', '发货地址 78', '收货地址 78', '电子元件', 244.000, 8.800, 'DELIVERED', current_timestamp, current_timestamp, current_timestamp, current_timestamp);
insert into logistics_order (id, order_no, customer_id, route_id, warehouse_id, vehicle_id, driver_id, customer_name, sender_address, receiver_address, cargo_name, cargo_weight, cargo_volume, status, planned_pickup_time, planned_delivery_time, created_at, updated_at) values (260525120000477, 'LO-DEMO-0079', 260525120000149, 260525120000397, 260525120000177, 260525120000357, 260525120000257, '武汉嘉运供应链有限公司', '发货地址 79', '收货地址 79', '办公耗材', 247.000, 8.900, 'EXCEPTION', current_timestamp, current_timestamp, current_timestamp, current_timestamp);
insert into logistics_order (id, order_no, customer_id, route_id, warehouse_id, vehicle_id, driver_id, customer_name, sender_address, receiver_address, cargo_name, cargo_weight, cargo_volume, status, planned_pickup_time, planned_delivery_time, created_at, updated_at) values (260525120000478, 'LO-DEMO-0080', 260525120000150, 260525120000398, 260525120000178, 260525120000358, 260525120000258, '上海星河供应链有限公司', '发货地址 80', '收货地址 80', '服装样品', 250.000, 9.000, 'WAIT_DISPATCH', current_timestamp, current_timestamp, current_timestamp, current_timestamp);
insert into logistics_order (id, order_no, customer_id, route_id, warehouse_id, vehicle_id, driver_id, customer_name, sender_address, receiver_address, cargo_name, cargo_weight, cargo_volume, status, planned_pickup_time, planned_delivery_time, created_at, updated_at) values (260525120000479, 'LO-DEMO-0081', 260525120000151, 260525120000379, 260525120000171, 260525120000359, 260525120000259, '北京远航供应链有限公司', '发货地址 81', '收货地址 81', '汽车配件', 253.000, 9.100, 'DISPATCHED', current_timestamp, current_timestamp, current_timestamp, current_timestamp);
insert into logistics_order (id, order_no, customer_id, route_id, warehouse_id, vehicle_id, driver_id, customer_name, sender_address, receiver_address, cargo_name, cargo_weight, cargo_volume, status, planned_pickup_time, planned_delivery_time, created_at, updated_at) values (260525120000480, 'LO-DEMO-0082', 260525120000152, 260525120000380, 260525120000172, 260525120000360, 260525120000260, '广州优品供应链有限公司', '发货地址 82', '收货地址 82', '生鲜周转箱', 256.000, 9.200, 'IN_TRANSIT', current_timestamp, current_timestamp, current_timestamp, current_timestamp);
insert into logistics_order (id, order_no, customer_id, route_id, warehouse_id, vehicle_id, driver_id, customer_name, sender_address, receiver_address, cargo_name, cargo_weight, cargo_volume, status, planned_pickup_time, planned_delivery_time, created_at, updated_at) values (260525120000481, 'LO-DEMO-0083', 260525120000153, 260525120000381, 260525120000173, 260525120000361, 260525120000261, '深圳恒达供应链有限公司', '发货地址 83', '收货地址 83', '电子元件', 259.000, 9.300, 'DELIVERED', current_timestamp, current_timestamp, current_timestamp, current_timestamp);
insert into logistics_order (id, order_no, customer_id, route_id, warehouse_id, vehicle_id, driver_id, customer_name, sender_address, receiver_address, cargo_name, cargo_weight, cargo_volume, status, planned_pickup_time, planned_delivery_time, created_at, updated_at) values (260525120000482, 'LO-DEMO-0084', 260525120000154, 260525120000382, 260525120000174, 260525120000362, 260525120000262, '杭州云仓供应链有限公司', '发货地址 84', '收货地址 84', '办公耗材', 262.000, 9.400, 'EXCEPTION', current_timestamp, current_timestamp, current_timestamp, current_timestamp);
insert into logistics_order (id, order_no, customer_id, route_id, warehouse_id, vehicle_id, driver_id, customer_name, sender_address, receiver_address, cargo_name, cargo_weight, cargo_volume, status, planned_pickup_time, planned_delivery_time, created_at, updated_at) values (260525120000483, 'LO-DEMO-0085', 260525120000155, 260525120000383, 260525120000175, 260525120000363, 260525120000263, '南京瑞丰供应链有限公司', '发货地址 85', '收货地址 85', '服装样品', 265.000, 9.500, 'WAIT_DISPATCH', current_timestamp, current_timestamp, current_timestamp, current_timestamp);
insert into logistics_order (id, order_no, customer_id, route_id, warehouse_id, vehicle_id, driver_id, customer_name, sender_address, receiver_address, cargo_name, cargo_weight, cargo_volume, status, planned_pickup_time, planned_delivery_time, created_at, updated_at) values (260525120000484, 'LO-DEMO-0086', 260525120000156, 260525120000384, 260525120000176, 260525120000364, 260525120000264, '成都新程供应链有限公司', '发货地址 86', '收货地址 86', '汽车配件', 268.000, 9.600, 'DISPATCHED', current_timestamp, current_timestamp, current_timestamp, current_timestamp);
insert into logistics_order (id, order_no, customer_id, route_id, warehouse_id, vehicle_id, driver_id, customer_name, sender_address, receiver_address, cargo_name, cargo_weight, cargo_volume, status, planned_pickup_time, planned_delivery_time, created_at, updated_at) values (260525120000485, 'LO-DEMO-0087', 260525120000157, 260525120000385, 260525120000177, 260525120000365, 260525120000265, '武汉嘉运供应链有限公司', '发货地址 87', '收货地址 87', '生鲜周转箱', 271.000, 9.700, 'IN_TRANSIT', current_timestamp, current_timestamp, current_timestamp, current_timestamp);
insert into logistics_order (id, order_no, customer_id, route_id, warehouse_id, vehicle_id, driver_id, customer_name, sender_address, receiver_address, cargo_name, cargo_weight, cargo_volume, status, planned_pickup_time, planned_delivery_time, created_at, updated_at) values (260525120000486, 'LO-DEMO-0088', 260525120000158, 260525120000386, 260525120000178, 260525120000366, 260525120000266, '上海星河供应链有限公司', '发货地址 88', '收货地址 88', '电子元件', 274.000, 9.800, 'DELIVERED', current_timestamp, current_timestamp, current_timestamp, current_timestamp);
insert into logistics_order (id, order_no, customer_id, route_id, warehouse_id, vehicle_id, driver_id, customer_name, sender_address, receiver_address, cargo_name, cargo_weight, cargo_volume, status, planned_pickup_time, planned_delivery_time, created_at, updated_at) values (260525120000487, 'LO-DEMO-0089', 260525120000159, 260525120000387, 260525120000171, 260525120000367, 260525120000267, '北京远航供应链有限公司', '发货地址 89', '收货地址 89', '办公耗材', 277.000, 9.900, 'EXCEPTION', current_timestamp, current_timestamp, current_timestamp, current_timestamp);
insert into logistics_order (id, order_no, customer_id, route_id, warehouse_id, vehicle_id, driver_id, customer_name, sender_address, receiver_address, cargo_name, cargo_weight, cargo_volume, status, planned_pickup_time, planned_delivery_time, created_at, updated_at) values (260525120000488, 'LO-DEMO-0090', 260525120000160, 260525120000388, 260525120000172, 260525120000368, 260525120000268, '广州优品供应链有限公司', '发货地址 90', '收货地址 90', '服装样品', 280.000, 10.000, 'WAIT_DISPATCH', current_timestamp, current_timestamp, current_timestamp, current_timestamp);
insert into logistics_order (id, order_no, customer_id, route_id, warehouse_id, vehicle_id, driver_id, customer_name, sender_address, receiver_address, cargo_name, cargo_weight, cargo_volume, status, planned_pickup_time, planned_delivery_time, created_at, updated_at) values (260525120000489, 'LO-DEMO-0091', 260525120000161, 260525120000389, 260525120000173, 260525120000369, 260525120000269, '深圳恒达供应链有限公司', '发货地址 91', '收货地址 91', '汽车配件', 283.000, 10.100, 'DISPATCHED', current_timestamp, current_timestamp, current_timestamp, current_timestamp);
insert into logistics_order (id, order_no, customer_id, route_id, warehouse_id, vehicle_id, driver_id, customer_name, sender_address, receiver_address, cargo_name, cargo_weight, cargo_volume, status, planned_pickup_time, planned_delivery_time, created_at, updated_at) values (260525120000490, 'LO-DEMO-0092', 260525120000162, 260525120000390, 260525120000174, 260525120000370, 260525120000270, '杭州云仓供应链有限公司', '发货地址 92', '收货地址 92', '生鲜周转箱', 286.000, 10.200, 'IN_TRANSIT', current_timestamp, current_timestamp, current_timestamp, current_timestamp);
insert into logistics_order (id, order_no, customer_id, route_id, warehouse_id, vehicle_id, driver_id, customer_name, sender_address, receiver_address, cargo_name, cargo_weight, cargo_volume, status, planned_pickup_time, planned_delivery_time, created_at, updated_at) values (260525120000491, 'LO-DEMO-0093', 260525120000163, 260525120000391, 260525120000175, 260525120000371, 260525120000271, '南京瑞丰供应链有限公司', '发货地址 93', '收货地址 93', '电子元件', 289.000, 10.300, 'DELIVERED', current_timestamp, current_timestamp, current_timestamp, current_timestamp);
insert into logistics_order (id, order_no, customer_id, route_id, warehouse_id, vehicle_id, driver_id, customer_name, sender_address, receiver_address, cargo_name, cargo_weight, cargo_volume, status, planned_pickup_time, planned_delivery_time, created_at, updated_at) values (260525120000492, 'LO-DEMO-0094', 260525120000164, 260525120000392, 260525120000176, 260525120000372, 260525120000272, '成都新程供应链有限公司', '发货地址 94', '收货地址 94', '办公耗材', 292.000, 10.400, 'EXCEPTION', current_timestamp, current_timestamp, current_timestamp, current_timestamp);
insert into logistics_order (id, order_no, customer_id, route_id, warehouse_id, vehicle_id, driver_id, customer_name, sender_address, receiver_address, cargo_name, cargo_weight, cargo_volume, status, planned_pickup_time, planned_delivery_time, created_at, updated_at) values (260525120000493, 'LO-DEMO-0095', 260525120000165, 260525120000393, 260525120000177, 260525120000373, 260525120000273, '武汉嘉运供应链有限公司', '发货地址 95', '收货地址 95', '服装样品', 295.000, 10.500, 'WAIT_DISPATCH', current_timestamp, current_timestamp, current_timestamp, current_timestamp);
insert into logistics_order (id, order_no, customer_id, route_id, warehouse_id, vehicle_id, driver_id, customer_name, sender_address, receiver_address, cargo_name, cargo_weight, cargo_volume, status, planned_pickup_time, planned_delivery_time, created_at, updated_at) values (260525120000494, 'LO-DEMO-0096', 260525120000166, 260525120000394, 260525120000178, 260525120000374, 260525120000274, '上海星河供应链有限公司', '发货地址 96', '收货地址 96', '汽车配件', 298.000, 10.600, 'DISPATCHED', current_timestamp, current_timestamp, current_timestamp, current_timestamp);
insert into logistics_order (id, order_no, customer_id, route_id, warehouse_id, vehicle_id, driver_id, customer_name, sender_address, receiver_address, cargo_name, cargo_weight, cargo_volume, status, planned_pickup_time, planned_delivery_time, created_at, updated_at) values (260525120000495, 'LO-DEMO-0097', 260525120000167, 260525120000395, 260525120000171, 260525120000375, 260525120000275, '北京远航供应链有限公司', '发货地址 97', '收货地址 97', '生鲜周转箱', 301.000, 10.700, 'IN_TRANSIT', current_timestamp, current_timestamp, current_timestamp, current_timestamp);
insert into logistics_order (id, order_no, customer_id, route_id, warehouse_id, vehicle_id, driver_id, customer_name, sender_address, receiver_address, cargo_name, cargo_weight, cargo_volume, status, planned_pickup_time, planned_delivery_time, created_at, updated_at) values (260525120000496, 'LO-DEMO-0098', 260525120000168, 260525120000396, 260525120000172, 260525120000376, 260525120000276, '广州优品供应链有限公司', '发货地址 98', '收货地址 98', '电子元件', 304.000, 10.800, 'DELIVERED', current_timestamp, current_timestamp, current_timestamp, current_timestamp);
insert into logistics_order (id, order_no, customer_id, route_id, warehouse_id, vehicle_id, driver_id, customer_name, sender_address, receiver_address, cargo_name, cargo_weight, cargo_volume, status, planned_pickup_time, planned_delivery_time, created_at, updated_at) values (260525120000497, 'LO-DEMO-0099', 260525120000169, 260525120000397, 260525120000173, 260525120000377, 260525120000277, '深圳恒达供应链有限公司', '发货地址 99', '收货地址 99', '办公耗材', 307.000, 10.900, 'EXCEPTION', current_timestamp, current_timestamp, current_timestamp, current_timestamp);
insert into logistics_order (id, order_no, customer_id, route_id, warehouse_id, vehicle_id, driver_id, customer_name, sender_address, receiver_address, cargo_name, cargo_weight, cargo_volume, status, planned_pickup_time, planned_delivery_time, created_at, updated_at) values (260525120000498, 'LO-DEMO-0100', 260525120000170, 260525120000398, 260525120000174, 260525120000378, 260525120000278, '杭州云仓供应链有限公司', '发货地址 100', '收货地址 100', '服装样品', 310.000, 11.000, 'WAIT_DISPATCH', current_timestamp, current_timestamp, current_timestamp, current_timestamp);
insert into logistics_waybill (id, waybill_no, order_id, start_site, target_site, current_location, transport_status, create_time, update_time) values (260525120000499, 'WB-0001', 260525120000399, '始发网点', '目的网点', '运输中转站', 'DISPATCHED', current_timestamp, current_timestamp);
insert into logistics_dispatch (id, order_id, waybill_id, driver_id, vehicle_id, start_site, target_site, planned_departure_time, planned_arrival_time, dispatch_status, create_time, update_time) values (260525120000500, 260525120000399, 260525120000499, 260525120000179, 260525120000279, '始发网点', '目的网点', current_timestamp, current_timestamp, 'ASSIGNED', current_timestamp, current_timestamp);
insert into logistics_task (id, task_no, order_id, waybill_id, dispatch_id, driver_id, vehicle_id, task_status, proof_url, create_time, update_time) values (260525120000501, 'TASK-0001', 260525120000399, 260525120000499, 260525120000500, 260525120000179, 260525120000279, 'TRANSPORTING', null, current_timestamp, current_timestamp);
insert into logistics_track (id, order_id, waybill_id, current_status, current_location, operator_name, operation_desc, operation_time) values (260525120000502, 260525120000399, 260525120000499, 'DISPATCHED', '运输中转站', '调度中心', '系统模拟轨迹数据', current_timestamp);
insert into logistics_exception (id, order_id, task_id, exception_type, exception_desc, exception_status, report_user, report_time, handle_user, handle_time) values (260525120000503, 260525120000399, 260525120000501, '运输延误', '模拟异常记录', 'WAIT_HANDLE', '调度中心', current_timestamp, null, null);
insert into logistics_fee (id, order_id, base_fee, weight_fee, distance_fee, additional_fee, discount_fee, payable_fee, actual_fee, payment_status, create_time, update_time) values (260525120000504, 260525120000399, 120.00, 21.00, 80.00, 0.00, 0.00, 221.00, 0.00, 'UNPAID', current_timestamp, current_timestamp);
insert into logistics_order_tracking (id, order_no, tracking_status, location, description, operator_name, occurred_at, created_at) values (260525120000505, 'LO-DEMO-0001', 'DISPATCHED', '运输中转站', '模拟订单跟踪记录', '系统', current_timestamp, current_timestamp);
insert into logistics_waybill (id, waybill_no, order_id, start_site, target_site, current_location, transport_status, create_time, update_time) values (260525120000506, 'WB-0002', 260525120000400, '始发网点', '目的网点', '运输中转站', 'IN_TRANSIT', current_timestamp, current_timestamp);
insert into logistics_dispatch (id, order_id, waybill_id, driver_id, vehicle_id, start_site, target_site, planned_departure_time, planned_arrival_time, dispatch_status, create_time, update_time) values (260525120000507, 260525120000400, 260525120000506, 260525120000180, 260525120000280, '始发网点', '目的网点', current_timestamp, current_timestamp, 'ASSIGNED', current_timestamp, current_timestamp);
insert into logistics_task (id, task_no, order_id, waybill_id, dispatch_id, driver_id, vehicle_id, task_status, proof_url, create_time, update_time) values (260525120000508, 'TASK-0002', 260525120000400, 260525120000506, 260525120000507, 260525120000180, 260525120000280, 'TRANSPORTING', null, current_timestamp, current_timestamp);
insert into logistics_track (id, order_id, waybill_id, current_status, current_location, operator_name, operation_desc, operation_time) values (260525120000509, 260525120000400, 260525120000506, 'IN_TRANSIT', '运输中转站', '调度中心', '系统模拟轨迹数据', current_timestamp);
insert into logistics_exception (id, order_id, task_id, exception_type, exception_desc, exception_status, report_user, report_time, handle_user, handle_time) values (260525120000510, 260525120000400, 260525120000508, '运输延误', '模拟异常记录', 'CLOSED', '调度中心', current_timestamp, null, null);
insert into logistics_fee (id, order_id, base_fee, weight_fee, distance_fee, additional_fee, discount_fee, payable_fee, actual_fee, payment_status, create_time, update_time) values (260525120000511, 260525120000400, 120.00, 22.00, 80.00, 0.00, 0.00, 222.00, 0.00, 'UNPAID', current_timestamp, current_timestamp);
insert into logistics_order_tracking (id, order_no, tracking_status, location, description, operator_name, occurred_at, created_at) values (260525120000512, 'LO-DEMO-0002', 'IN_TRANSIT', '运输中转站', '模拟订单跟踪记录', '系统', current_timestamp, current_timestamp);
insert into logistics_waybill (id, waybill_no, order_id, start_site, target_site, current_location, transport_status, create_time, update_time) values (260525120000513, 'WB-0003', 260525120000401, '始发网点', '目的网点', '运输中转站', 'DELIVERED', current_timestamp, current_timestamp);
insert into logistics_dispatch (id, order_id, waybill_id, driver_id, vehicle_id, start_site, target_site, planned_departure_time, planned_arrival_time, dispatch_status, create_time, update_time) values (260525120000514, 260525120000401, 260525120000513, 260525120000181, 260525120000281, '始发网点', '目的网点', current_timestamp, current_timestamp, 'ASSIGNED', current_timestamp, current_timestamp);
insert into logistics_task (id, task_no, order_id, waybill_id, dispatch_id, driver_id, vehicle_id, task_status, proof_url, create_time, update_time) values (260525120000515, 'TASK-0003', 260525120000401, 260525120000513, 260525120000514, 260525120000181, 260525120000281, 'TRANSPORTING', null, current_timestamp, current_timestamp);
insert into logistics_track (id, order_id, waybill_id, current_status, current_location, operator_name, operation_desc, operation_time) values (260525120000516, 260525120000401, 260525120000513, 'DELIVERED', '运输中转站', '调度中心', '系统模拟轨迹数据', current_timestamp);
insert into logistics_exception (id, order_id, task_id, exception_type, exception_desc, exception_status, report_user, report_time, handle_user, handle_time) values (260525120000517, 260525120000401, 260525120000515, '运输延误', '模拟异常记录', 'WAIT_HANDLE', '调度中心', current_timestamp, null, null);
insert into logistics_fee (id, order_id, base_fee, weight_fee, distance_fee, additional_fee, discount_fee, payable_fee, actual_fee, payment_status, create_time, update_time) values (260525120000518, 260525120000401, 120.00, 23.00, 80.00, 0.00, 0.00, 223.00, 223.00, 'PAID', current_timestamp, current_timestamp);
insert into logistics_order_tracking (id, order_no, tracking_status, location, description, operator_name, occurred_at, created_at) values (260525120000519, 'LO-DEMO-0003', 'DELIVERED', '运输中转站', '模拟订单跟踪记录', '系统', current_timestamp, current_timestamp);
insert into logistics_waybill (id, waybill_no, order_id, start_site, target_site, current_location, transport_status, create_time, update_time) values (260525120000520, 'WB-0004', 260525120000402, '始发网点', '目的网点', '运输中转站', 'EXCEPTION', current_timestamp, current_timestamp);
insert into logistics_dispatch (id, order_id, waybill_id, driver_id, vehicle_id, start_site, target_site, planned_departure_time, planned_arrival_time, dispatch_status, create_time, update_time) values (260525120000521, 260525120000402, 260525120000520, 260525120000182, 260525120000282, '始发网点', '目的网点', current_timestamp, current_timestamp, 'FINISHED', current_timestamp, current_timestamp);
insert into logistics_task (id, task_no, order_id, waybill_id, dispatch_id, driver_id, vehicle_id, task_status, proof_url, create_time, update_time) values (260525120000522, 'TASK-0004', 260525120000402, 260525120000520, 260525120000521, 260525120000182, 260525120000282, 'SIGNED', null, current_timestamp, current_timestamp);
insert into logistics_track (id, order_id, waybill_id, current_status, current_location, operator_name, operation_desc, operation_time) values (260525120000523, 260525120000402, 260525120000520, 'EXCEPTION', '运输中转站', '调度中心', '系统模拟轨迹数据', current_timestamp);
insert into logistics_exception (id, order_id, task_id, exception_type, exception_desc, exception_status, report_user, report_time, handle_user, handle_time) values (260525120000524, 260525120000402, 260525120000522, '运输延误', '模拟异常记录', 'CLOSED', '调度中心', current_timestamp, null, null);
insert into logistics_fee (id, order_id, base_fee, weight_fee, distance_fee, additional_fee, discount_fee, payable_fee, actual_fee, payment_status, create_time, update_time) values (260525120000525, 260525120000402, 120.00, 24.00, 80.00, 0.00, 0.00, 224.00, 0.00, 'UNPAID', current_timestamp, current_timestamp);
insert into logistics_order_tracking (id, order_no, tracking_status, location, description, operator_name, occurred_at, created_at) values (260525120000526, 'LO-DEMO-0004', 'EXCEPTION', '运输中转站', '模拟订单跟踪记录', '系统', current_timestamp, current_timestamp);
insert into logistics_waybill (id, waybill_no, order_id, start_site, target_site, current_location, transport_status, create_time, update_time) values (260525120000527, 'WB-0005', 260525120000403, '始发网点', '目的网点', '运输中转站', 'WAIT_DISPATCH', current_timestamp, current_timestamp);
insert into logistics_dispatch (id, order_id, waybill_id, driver_id, vehicle_id, start_site, target_site, planned_departure_time, planned_arrival_time, dispatch_status, create_time, update_time) values (260525120000528, 260525120000403, 260525120000527, 260525120000183, 260525120000283, '始发网点', '目的网点', current_timestamp, current_timestamp, 'ASSIGNED', current_timestamp, current_timestamp);
insert into logistics_task (id, task_no, order_id, waybill_id, dispatch_id, driver_id, vehicle_id, task_status, proof_url, create_time, update_time) values (260525120000529, 'TASK-0005', 260525120000403, 260525120000527, 260525120000528, 260525120000183, 260525120000283, 'TRANSPORTING', null, current_timestamp, current_timestamp);
insert into logistics_track (id, order_id, waybill_id, current_status, current_location, operator_name, operation_desc, operation_time) values (260525120000530, 260525120000403, 260525120000527, 'WAIT_DISPATCH', '运输中转站', '调度中心', '系统模拟轨迹数据', current_timestamp);
insert into logistics_exception (id, order_id, task_id, exception_type, exception_desc, exception_status, report_user, report_time, handle_user, handle_time) values (260525120000531, 260525120000403, 260525120000529, '运输延误', '模拟异常记录', 'WAIT_HANDLE', '调度中心', current_timestamp, null, null);
insert into logistics_fee (id, order_id, base_fee, weight_fee, distance_fee, additional_fee, discount_fee, payable_fee, actual_fee, payment_status, create_time, update_time) values (260525120000532, 260525120000403, 120.00, 25.00, 80.00, 0.00, 0.00, 225.00, 0.00, 'UNPAID', current_timestamp, current_timestamp);
insert into logistics_order_tracking (id, order_no, tracking_status, location, description, operator_name, occurred_at, created_at) values (260525120000533, 'LO-DEMO-0005', 'WAIT_DISPATCH', '运输中转站', '模拟订单跟踪记录', '系统', current_timestamp, current_timestamp);
insert into logistics_waybill (id, waybill_no, order_id, start_site, target_site, current_location, transport_status, create_time, update_time) values (260525120000534, 'WB-0006', 260525120000404, '始发网点', '目的网点', '运输中转站', 'DISPATCHED', current_timestamp, current_timestamp);
insert into logistics_dispatch (id, order_id, waybill_id, driver_id, vehicle_id, start_site, target_site, planned_departure_time, planned_arrival_time, dispatch_status, create_time, update_time) values (260525120000535, 260525120000404, 260525120000534, 260525120000184, 260525120000284, '始发网点', '目的网点', current_timestamp, current_timestamp, 'ASSIGNED', current_timestamp, current_timestamp);
insert into logistics_task (id, task_no, order_id, waybill_id, dispatch_id, driver_id, vehicle_id, task_status, proof_url, create_time, update_time) values (260525120000536, 'TASK-0006', 260525120000404, 260525120000534, 260525120000535, 260525120000184, 260525120000284, 'TRANSPORTING', null, current_timestamp, current_timestamp);
insert into logistics_track (id, order_id, waybill_id, current_status, current_location, operator_name, operation_desc, operation_time) values (260525120000537, 260525120000404, 260525120000534, 'DISPATCHED', '运输中转站', '调度中心', '系统模拟轨迹数据', current_timestamp);
insert into logistics_exception (id, order_id, task_id, exception_type, exception_desc, exception_status, report_user, report_time, handle_user, handle_time) values (260525120000538, 260525120000404, 260525120000536, '运输延误', '模拟异常记录', 'CLOSED', '调度中心', current_timestamp, null, null);
insert into logistics_fee (id, order_id, base_fee, weight_fee, distance_fee, additional_fee, discount_fee, payable_fee, actual_fee, payment_status, create_time, update_time) values (260525120000539, 260525120000404, 120.00, 26.00, 80.00, 0.00, 0.00, 226.00, 226.00, 'PAID', current_timestamp, current_timestamp);
insert into logistics_order_tracking (id, order_no, tracking_status, location, description, operator_name, occurred_at, created_at) values (260525120000540, 'LO-DEMO-0006', 'DISPATCHED', '运输中转站', '模拟订单跟踪记录', '系统', current_timestamp, current_timestamp);
insert into logistics_waybill (id, waybill_no, order_id, start_site, target_site, current_location, transport_status, create_time, update_time) values (260525120000541, 'WB-0007', 260525120000405, '始发网点', '目的网点', '运输中转站', 'IN_TRANSIT', current_timestamp, current_timestamp);
insert into logistics_dispatch (id, order_id, waybill_id, driver_id, vehicle_id, start_site, target_site, planned_departure_time, planned_arrival_time, dispatch_status, create_time, update_time) values (260525120000542, 260525120000405, 260525120000541, 260525120000185, 260525120000285, '始发网点', '目的网点', current_timestamp, current_timestamp, 'ASSIGNED', current_timestamp, current_timestamp);
insert into logistics_task (id, task_no, order_id, waybill_id, dispatch_id, driver_id, vehicle_id, task_status, proof_url, create_time, update_time) values (260525120000543, 'TASK-0007', 260525120000405, 260525120000541, 260525120000542, 260525120000185, 260525120000285, 'TRANSPORTING', null, current_timestamp, current_timestamp);
insert into logistics_track (id, order_id, waybill_id, current_status, current_location, operator_name, operation_desc, operation_time) values (260525120000544, 260525120000405, 260525120000541, 'IN_TRANSIT', '运输中转站', '调度中心', '系统模拟轨迹数据', current_timestamp);
insert into logistics_exception (id, order_id, task_id, exception_type, exception_desc, exception_status, report_user, report_time, handle_user, handle_time) values (260525120000545, 260525120000405, 260525120000543, '运输延误', '模拟异常记录', 'WAIT_HANDLE', '调度中心', current_timestamp, null, null);
insert into logistics_fee (id, order_id, base_fee, weight_fee, distance_fee, additional_fee, discount_fee, payable_fee, actual_fee, payment_status, create_time, update_time) values (260525120000546, 260525120000405, 120.00, 27.00, 80.00, 0.00, 0.00, 227.00, 0.00, 'UNPAID', current_timestamp, current_timestamp);
insert into logistics_order_tracking (id, order_no, tracking_status, location, description, operator_name, occurred_at, created_at) values (260525120000547, 'LO-DEMO-0007', 'IN_TRANSIT', '运输中转站', '模拟订单跟踪记录', '系统', current_timestamp, current_timestamp);
insert into logistics_waybill (id, waybill_no, order_id, start_site, target_site, current_location, transport_status, create_time, update_time) values (260525120000548, 'WB-0008', 260525120000406, '始发网点', '目的网点', '运输中转站', 'DELIVERED', current_timestamp, current_timestamp);
insert into logistics_dispatch (id, order_id, waybill_id, driver_id, vehicle_id, start_site, target_site, planned_departure_time, planned_arrival_time, dispatch_status, create_time, update_time) values (260525120000549, 260525120000406, 260525120000548, 260525120000186, 260525120000286, '始发网点', '目的网点', current_timestamp, current_timestamp, 'FINISHED', current_timestamp, current_timestamp);
insert into logistics_task (id, task_no, order_id, waybill_id, dispatch_id, driver_id, vehicle_id, task_status, proof_url, create_time, update_time) values (260525120000550, 'TASK-0008', 260525120000406, 260525120000548, 260525120000549, 260525120000186, 260525120000286, 'SIGNED', null, current_timestamp, current_timestamp);
insert into logistics_track (id, order_id, waybill_id, current_status, current_location, operator_name, operation_desc, operation_time) values (260525120000551, 260525120000406, 260525120000548, 'DELIVERED', '运输中转站', '调度中心', '系统模拟轨迹数据', current_timestamp);
insert into logistics_exception (id, order_id, task_id, exception_type, exception_desc, exception_status, report_user, report_time, handle_user, handle_time) values (260525120000552, 260525120000406, 260525120000550, '运输延误', '模拟异常记录', 'CLOSED', '调度中心', current_timestamp, null, null);
insert into logistics_fee (id, order_id, base_fee, weight_fee, distance_fee, additional_fee, discount_fee, payable_fee, actual_fee, payment_status, create_time, update_time) values (260525120000553, 260525120000406, 120.00, 28.00, 80.00, 0.00, 0.00, 228.00, 0.00, 'UNPAID', current_timestamp, current_timestamp);
insert into logistics_order_tracking (id, order_no, tracking_status, location, description, operator_name, occurred_at, created_at) values (260525120000554, 'LO-DEMO-0008', 'DELIVERED', '运输中转站', '模拟订单跟踪记录', '系统', current_timestamp, current_timestamp);
insert into logistics_waybill (id, waybill_no, order_id, start_site, target_site, current_location, transport_status, create_time, update_time) values (260525120000555, 'WB-0009', 260525120000407, '始发网点', '目的网点', '运输中转站', 'EXCEPTION', current_timestamp, current_timestamp);
insert into logistics_dispatch (id, order_id, waybill_id, driver_id, vehicle_id, start_site, target_site, planned_departure_time, planned_arrival_time, dispatch_status, create_time, update_time) values (260525120000556, 260525120000407, 260525120000555, 260525120000187, 260525120000287, '始发网点', '目的网点', current_timestamp, current_timestamp, 'ASSIGNED', current_timestamp, current_timestamp);
insert into logistics_task (id, task_no, order_id, waybill_id, dispatch_id, driver_id, vehicle_id, task_status, proof_url, create_time, update_time) values (260525120000557, 'TASK-0009', 260525120000407, 260525120000555, 260525120000556, 260525120000187, 260525120000287, 'TRANSPORTING', null, current_timestamp, current_timestamp);
insert into logistics_track (id, order_id, waybill_id, current_status, current_location, operator_name, operation_desc, operation_time) values (260525120000558, 260525120000407, 260525120000555, 'EXCEPTION', '运输中转站', '调度中心', '系统模拟轨迹数据', current_timestamp);
insert into logistics_exception (id, order_id, task_id, exception_type, exception_desc, exception_status, report_user, report_time, handle_user, handle_time) values (260525120000559, 260525120000407, 260525120000557, '运输延误', '模拟异常记录', 'WAIT_HANDLE', '调度中心', current_timestamp, null, null);
insert into logistics_fee (id, order_id, base_fee, weight_fee, distance_fee, additional_fee, discount_fee, payable_fee, actual_fee, payment_status, create_time, update_time) values (260525120000560, 260525120000407, 120.00, 29.00, 80.00, 0.00, 0.00, 229.00, 229.00, 'PAID', current_timestamp, current_timestamp);
insert into logistics_order_tracking (id, order_no, tracking_status, location, description, operator_name, occurred_at, created_at) values (260525120000561, 'LO-DEMO-0009', 'EXCEPTION', '运输中转站', '模拟订单跟踪记录', '系统', current_timestamp, current_timestamp);
insert into logistics_waybill (id, waybill_no, order_id, start_site, target_site, current_location, transport_status, create_time, update_time) values (260525120000562, 'WB-0010', 260525120000408, '始发网点', '目的网点', '运输中转站', 'WAIT_DISPATCH', current_timestamp, current_timestamp);
insert into logistics_dispatch (id, order_id, waybill_id, driver_id, vehicle_id, start_site, target_site, planned_departure_time, planned_arrival_time, dispatch_status, create_time, update_time) values (260525120000563, 260525120000408, 260525120000562, 260525120000188, 260525120000288, '始发网点', '目的网点', current_timestamp, current_timestamp, 'ASSIGNED', current_timestamp, current_timestamp);
insert into logistics_task (id, task_no, order_id, waybill_id, dispatch_id, driver_id, vehicle_id, task_status, proof_url, create_time, update_time) values (260525120000564, 'TASK-0010', 260525120000408, 260525120000562, 260525120000563, 260525120000188, 260525120000288, 'TRANSPORTING', null, current_timestamp, current_timestamp);
insert into logistics_track (id, order_id, waybill_id, current_status, current_location, operator_name, operation_desc, operation_time) values (260525120000565, 260525120000408, 260525120000562, 'WAIT_DISPATCH', '运输中转站', '调度中心', '系统模拟轨迹数据', current_timestamp);
insert into logistics_exception (id, order_id, task_id, exception_type, exception_desc, exception_status, report_user, report_time, handle_user, handle_time) values (260525120000566, 260525120000408, 260525120000564, '运输延误', '模拟异常记录', 'CLOSED', '调度中心', current_timestamp, null, null);
insert into logistics_fee (id, order_id, base_fee, weight_fee, distance_fee, additional_fee, discount_fee, payable_fee, actual_fee, payment_status, create_time, update_time) values (260525120000567, 260525120000408, 120.00, 30.00, 80.00, 0.00, 0.00, 230.00, 0.00, 'UNPAID', current_timestamp, current_timestamp);
insert into logistics_order_tracking (id, order_no, tracking_status, location, description, operator_name, occurred_at, created_at) values (260525120000568, 'LO-DEMO-0010', 'WAIT_DISPATCH', '运输中转站', '模拟订单跟踪记录', '系统', current_timestamp, current_timestamp);
insert into logistics_waybill (id, waybill_no, order_id, start_site, target_site, current_location, transport_status, create_time, update_time) values (260525120000569, 'WB-0011', 260525120000409, '始发网点', '目的网点', '运输中转站', 'DISPATCHED', current_timestamp, current_timestamp);
insert into logistics_dispatch (id, order_id, waybill_id, driver_id, vehicle_id, start_site, target_site, planned_departure_time, planned_arrival_time, dispatch_status, create_time, update_time) values (260525120000570, 260525120000409, 260525120000569, 260525120000189, 260525120000289, '始发网点', '目的网点', current_timestamp, current_timestamp, 'ASSIGNED', current_timestamp, current_timestamp);
insert into logistics_task (id, task_no, order_id, waybill_id, dispatch_id, driver_id, vehicle_id, task_status, proof_url, create_time, update_time) values (260525120000571, 'TASK-0011', 260525120000409, 260525120000569, 260525120000570, 260525120000189, 260525120000289, 'TRANSPORTING', null, current_timestamp, current_timestamp);
insert into logistics_track (id, order_id, waybill_id, current_status, current_location, operator_name, operation_desc, operation_time) values (260525120000572, 260525120000409, 260525120000569, 'DISPATCHED', '运输中转站', '调度中心', '系统模拟轨迹数据', current_timestamp);
insert into logistics_exception (id, order_id, task_id, exception_type, exception_desc, exception_status, report_user, report_time, handle_user, handle_time) values (260525120000573, 260525120000409, 260525120000571, '运输延误', '模拟异常记录', 'WAIT_HANDLE', '调度中心', current_timestamp, null, null);
insert into logistics_fee (id, order_id, base_fee, weight_fee, distance_fee, additional_fee, discount_fee, payable_fee, actual_fee, payment_status, create_time, update_time) values (260525120000574, 260525120000409, 120.00, 31.00, 80.00, 0.00, 0.00, 231.00, 0.00, 'UNPAID', current_timestamp, current_timestamp);
insert into logistics_order_tracking (id, order_no, tracking_status, location, description, operator_name, occurred_at, created_at) values (260525120000575, 'LO-DEMO-0011', 'DISPATCHED', '运输中转站', '模拟订单跟踪记录', '系统', current_timestamp, current_timestamp);
insert into logistics_waybill (id, waybill_no, order_id, start_site, target_site, current_location, transport_status, create_time, update_time) values (260525120000576, 'WB-0012', 260525120000410, '始发网点', '目的网点', '运输中转站', 'IN_TRANSIT', current_timestamp, current_timestamp);
insert into logistics_dispatch (id, order_id, waybill_id, driver_id, vehicle_id, start_site, target_site, planned_departure_time, planned_arrival_time, dispatch_status, create_time, update_time) values (260525120000577, 260525120000410, 260525120000576, 260525120000190, 260525120000290, '始发网点', '目的网点', current_timestamp, current_timestamp, 'FINISHED', current_timestamp, current_timestamp);
insert into logistics_task (id, task_no, order_id, waybill_id, dispatch_id, driver_id, vehicle_id, task_status, proof_url, create_time, update_time) values (260525120000578, 'TASK-0012', 260525120000410, 260525120000576, 260525120000577, 260525120000190, 260525120000290, 'SIGNED', null, current_timestamp, current_timestamp);
insert into logistics_track (id, order_id, waybill_id, current_status, current_location, operator_name, operation_desc, operation_time) values (260525120000579, 260525120000410, 260525120000576, 'IN_TRANSIT', '运输中转站', '调度中心', '系统模拟轨迹数据', current_timestamp);
insert into logistics_exception (id, order_id, task_id, exception_type, exception_desc, exception_status, report_user, report_time, handle_user, handle_time) values (260525120000580, 260525120000410, 260525120000578, '运输延误', '模拟异常记录', 'CLOSED', '调度中心', current_timestamp, null, null);
insert into logistics_fee (id, order_id, base_fee, weight_fee, distance_fee, additional_fee, discount_fee, payable_fee, actual_fee, payment_status, create_time, update_time) values (260525120000581, 260525120000410, 120.00, 32.00, 80.00, 0.00, 0.00, 232.00, 232.00, 'PAID', current_timestamp, current_timestamp);
insert into logistics_order_tracking (id, order_no, tracking_status, location, description, operator_name, occurred_at, created_at) values (260525120000582, 'LO-DEMO-0012', 'IN_TRANSIT', '运输中转站', '模拟订单跟踪记录', '系统', current_timestamp, current_timestamp);
insert into logistics_waybill (id, waybill_no, order_id, start_site, target_site, current_location, transport_status, create_time, update_time) values (260525120000583, 'WB-0013', 260525120000411, '始发网点', '目的网点', '运输中转站', 'DELIVERED', current_timestamp, current_timestamp);
insert into logistics_dispatch (id, order_id, waybill_id, driver_id, vehicle_id, start_site, target_site, planned_departure_time, planned_arrival_time, dispatch_status, create_time, update_time) values (260525120000584, 260525120000411, 260525120000583, 260525120000191, 260525120000291, '始发网点', '目的网点', current_timestamp, current_timestamp, 'ASSIGNED', current_timestamp, current_timestamp);
insert into logistics_task (id, task_no, order_id, waybill_id, dispatch_id, driver_id, vehicle_id, task_status, proof_url, create_time, update_time) values (260525120000585, 'TASK-0013', 260525120000411, 260525120000583, 260525120000584, 260525120000191, 260525120000291, 'TRANSPORTING', null, current_timestamp, current_timestamp);
insert into logistics_track (id, order_id, waybill_id, current_status, current_location, operator_name, operation_desc, operation_time) values (260525120000586, 260525120000411, 260525120000583, 'DELIVERED', '运输中转站', '调度中心', '系统模拟轨迹数据', current_timestamp);
insert into logistics_exception (id, order_id, task_id, exception_type, exception_desc, exception_status, report_user, report_time, handle_user, handle_time) values (260525120000587, 260525120000411, 260525120000585, '运输延误', '模拟异常记录', 'WAIT_HANDLE', '调度中心', current_timestamp, null, null);
insert into logistics_fee (id, order_id, base_fee, weight_fee, distance_fee, additional_fee, discount_fee, payable_fee, actual_fee, payment_status, create_time, update_time) values (260525120000588, 260525120000411, 120.00, 33.00, 80.00, 0.00, 0.00, 233.00, 0.00, 'UNPAID', current_timestamp, current_timestamp);
insert into logistics_order_tracking (id, order_no, tracking_status, location, description, operator_name, occurred_at, created_at) values (260525120000589, 'LO-DEMO-0013', 'DELIVERED', '运输中转站', '模拟订单跟踪记录', '系统', current_timestamp, current_timestamp);
insert into logistics_waybill (id, waybill_no, order_id, start_site, target_site, current_location, transport_status, create_time, update_time) values (260525120000590, 'WB-0014', 260525120000412, '始发网点', '目的网点', '运输中转站', 'EXCEPTION', current_timestamp, current_timestamp);
insert into logistics_dispatch (id, order_id, waybill_id, driver_id, vehicle_id, start_site, target_site, planned_departure_time, planned_arrival_time, dispatch_status, create_time, update_time) values (260525120000591, 260525120000412, 260525120000590, 260525120000192, 260525120000292, '始发网点', '目的网点', current_timestamp, current_timestamp, 'ASSIGNED', current_timestamp, current_timestamp);
insert into logistics_task (id, task_no, order_id, waybill_id, dispatch_id, driver_id, vehicle_id, task_status, proof_url, create_time, update_time) values (260525120000592, 'TASK-0014', 260525120000412, 260525120000590, 260525120000591, 260525120000192, 260525120000292, 'TRANSPORTING', null, current_timestamp, current_timestamp);
insert into logistics_track (id, order_id, waybill_id, current_status, current_location, operator_name, operation_desc, operation_time) values (260525120000593, 260525120000412, 260525120000590, 'EXCEPTION', '运输中转站', '调度中心', '系统模拟轨迹数据', current_timestamp);
insert into logistics_exception (id, order_id, task_id, exception_type, exception_desc, exception_status, report_user, report_time, handle_user, handle_time) values (260525120000594, 260525120000412, 260525120000592, '运输延误', '模拟异常记录', 'CLOSED', '调度中心', current_timestamp, null, null);
insert into logistics_fee (id, order_id, base_fee, weight_fee, distance_fee, additional_fee, discount_fee, payable_fee, actual_fee, payment_status, create_time, update_time) values (260525120000595, 260525120000412, 120.00, 34.00, 80.00, 0.00, 0.00, 234.00, 0.00, 'UNPAID', current_timestamp, current_timestamp);
insert into logistics_order_tracking (id, order_no, tracking_status, location, description, operator_name, occurred_at, created_at) values (260525120000596, 'LO-DEMO-0014', 'EXCEPTION', '运输中转站', '模拟订单跟踪记录', '系统', current_timestamp, current_timestamp);
insert into logistics_waybill (id, waybill_no, order_id, start_site, target_site, current_location, transport_status, create_time, update_time) values (260525120000597, 'WB-0015', 260525120000413, '始发网点', '目的网点', '运输中转站', 'WAIT_DISPATCH', current_timestamp, current_timestamp);
insert into logistics_dispatch (id, order_id, waybill_id, driver_id, vehicle_id, start_site, target_site, planned_departure_time, planned_arrival_time, dispatch_status, create_time, update_time) values (260525120000598, 260525120000413, 260525120000597, 260525120000193, 260525120000293, '始发网点', '目的网点', current_timestamp, current_timestamp, 'ASSIGNED', current_timestamp, current_timestamp);
insert into logistics_task (id, task_no, order_id, waybill_id, dispatch_id, driver_id, vehicle_id, task_status, proof_url, create_time, update_time) values (260525120000599, 'TASK-0015', 260525120000413, 260525120000597, 260525120000598, 260525120000193, 260525120000293, 'TRANSPORTING', null, current_timestamp, current_timestamp);
insert into logistics_track (id, order_id, waybill_id, current_status, current_location, operator_name, operation_desc, operation_time) values (260525120000600, 260525120000413, 260525120000597, 'WAIT_DISPATCH', '运输中转站', '调度中心', '系统模拟轨迹数据', current_timestamp);
insert into logistics_exception (id, order_id, task_id, exception_type, exception_desc, exception_status, report_user, report_time, handle_user, handle_time) values (260525120000601, 260525120000413, 260525120000599, '运输延误', '模拟异常记录', 'WAIT_HANDLE', '调度中心', current_timestamp, null, null);
insert into logistics_fee (id, order_id, base_fee, weight_fee, distance_fee, additional_fee, discount_fee, payable_fee, actual_fee, payment_status, create_time, update_time) values (260525120000602, 260525120000413, 120.00, 35.00, 80.00, 0.00, 0.00, 235.00, 235.00, 'PAID', current_timestamp, current_timestamp);
insert into logistics_order_tracking (id, order_no, tracking_status, location, description, operator_name, occurred_at, created_at) values (260525120000603, 'LO-DEMO-0015', 'WAIT_DISPATCH', '运输中转站', '模拟订单跟踪记录', '系统', current_timestamp, current_timestamp);
insert into logistics_waybill (id, waybill_no, order_id, start_site, target_site, current_location, transport_status, create_time, update_time) values (260525120000604, 'WB-0016', 260525120000414, '始发网点', '目的网点', '运输中转站', 'DISPATCHED', current_timestamp, current_timestamp);
insert into logistics_dispatch (id, order_id, waybill_id, driver_id, vehicle_id, start_site, target_site, planned_departure_time, planned_arrival_time, dispatch_status, create_time, update_time) values (260525120000605, 260525120000414, 260525120000604, 260525120000194, 260525120000294, '始发网点', '目的网点', current_timestamp, current_timestamp, 'FINISHED', current_timestamp, current_timestamp);
insert into logistics_task (id, task_no, order_id, waybill_id, dispatch_id, driver_id, vehicle_id, task_status, proof_url, create_time, update_time) values (260525120000606, 'TASK-0016', 260525120000414, 260525120000604, 260525120000605, 260525120000194, 260525120000294, 'SIGNED', null, current_timestamp, current_timestamp);
insert into logistics_track (id, order_id, waybill_id, current_status, current_location, operator_name, operation_desc, operation_time) values (260525120000607, 260525120000414, 260525120000604, 'DISPATCHED', '运输中转站', '调度中心', '系统模拟轨迹数据', current_timestamp);
insert into logistics_exception (id, order_id, task_id, exception_type, exception_desc, exception_status, report_user, report_time, handle_user, handle_time) values (260525120000608, 260525120000414, 260525120000606, '运输延误', '模拟异常记录', 'CLOSED', '调度中心', current_timestamp, null, null);
insert into logistics_fee (id, order_id, base_fee, weight_fee, distance_fee, additional_fee, discount_fee, payable_fee, actual_fee, payment_status, create_time, update_time) values (260525120000609, 260525120000414, 120.00, 36.00, 80.00, 0.00, 0.00, 236.00, 0.00, 'UNPAID', current_timestamp, current_timestamp);
insert into logistics_order_tracking (id, order_no, tracking_status, location, description, operator_name, occurred_at, created_at) values (260525120000610, 'LO-DEMO-0016', 'DISPATCHED', '运输中转站', '模拟订单跟踪记录', '系统', current_timestamp, current_timestamp);
insert into logistics_waybill (id, waybill_no, order_id, start_site, target_site, current_location, transport_status, create_time, update_time) values (260525120000611, 'WB-0017', 260525120000415, '始发网点', '目的网点', '运输中转站', 'IN_TRANSIT', current_timestamp, current_timestamp);
insert into logistics_dispatch (id, order_id, waybill_id, driver_id, vehicle_id, start_site, target_site, planned_departure_time, planned_arrival_time, dispatch_status, create_time, update_time) values (260525120000612, 260525120000415, 260525120000611, 260525120000195, 260525120000295, '始发网点', '目的网点', current_timestamp, current_timestamp, 'ASSIGNED', current_timestamp, current_timestamp);
insert into logistics_task (id, task_no, order_id, waybill_id, dispatch_id, driver_id, vehicle_id, task_status, proof_url, create_time, update_time) values (260525120000613, 'TASK-0017', 260525120000415, 260525120000611, 260525120000612, 260525120000195, 260525120000295, 'TRANSPORTING', null, current_timestamp, current_timestamp);
insert into logistics_track (id, order_id, waybill_id, current_status, current_location, operator_name, operation_desc, operation_time) values (260525120000614, 260525120000415, 260525120000611, 'IN_TRANSIT', '运输中转站', '调度中心', '系统模拟轨迹数据', current_timestamp);
insert into logistics_exception (id, order_id, task_id, exception_type, exception_desc, exception_status, report_user, report_time, handle_user, handle_time) values (260525120000615, 260525120000415, 260525120000613, '运输延误', '模拟异常记录', 'WAIT_HANDLE', '调度中心', current_timestamp, null, null);
insert into logistics_fee (id, order_id, base_fee, weight_fee, distance_fee, additional_fee, discount_fee, payable_fee, actual_fee, payment_status, create_time, update_time) values (260525120000616, 260525120000415, 120.00, 37.00, 80.00, 0.00, 0.00, 237.00, 0.00, 'UNPAID', current_timestamp, current_timestamp);
insert into logistics_order_tracking (id, order_no, tracking_status, location, description, operator_name, occurred_at, created_at) values (260525120000617, 'LO-DEMO-0017', 'IN_TRANSIT', '运输中转站', '模拟订单跟踪记录', '系统', current_timestamp, current_timestamp);
insert into logistics_waybill (id, waybill_no, order_id, start_site, target_site, current_location, transport_status, create_time, update_time) values (260525120000618, 'WB-0018', 260525120000416, '始发网点', '目的网点', '运输中转站', 'DELIVERED', current_timestamp, current_timestamp);
insert into logistics_dispatch (id, order_id, waybill_id, driver_id, vehicle_id, start_site, target_site, planned_departure_time, planned_arrival_time, dispatch_status, create_time, update_time) values (260525120000619, 260525120000416, 260525120000618, 260525120000196, 260525120000296, '始发网点', '目的网点', current_timestamp, current_timestamp, 'ASSIGNED', current_timestamp, current_timestamp);
insert into logistics_task (id, task_no, order_id, waybill_id, dispatch_id, driver_id, vehicle_id, task_status, proof_url, create_time, update_time) values (260525120000620, 'TASK-0018', 260525120000416, 260525120000618, 260525120000619, 260525120000196, 260525120000296, 'TRANSPORTING', null, current_timestamp, current_timestamp);
insert into logistics_track (id, order_id, waybill_id, current_status, current_location, operator_name, operation_desc, operation_time) values (260525120000621, 260525120000416, 260525120000618, 'DELIVERED', '运输中转站', '调度中心', '系统模拟轨迹数据', current_timestamp);
insert into logistics_exception (id, order_id, task_id, exception_type, exception_desc, exception_status, report_user, report_time, handle_user, handle_time) values (260525120000622, 260525120000416, 260525120000620, '运输延误', '模拟异常记录', 'CLOSED', '调度中心', current_timestamp, null, null);
insert into logistics_fee (id, order_id, base_fee, weight_fee, distance_fee, additional_fee, discount_fee, payable_fee, actual_fee, payment_status, create_time, update_time) values (260525120000623, 260525120000416, 120.00, 38.00, 80.00, 0.00, 0.00, 238.00, 238.00, 'PAID', current_timestamp, current_timestamp);
insert into logistics_order_tracking (id, order_no, tracking_status, location, description, operator_name, occurred_at, created_at) values (260525120000624, 'LO-DEMO-0018', 'DELIVERED', '运输中转站', '模拟订单跟踪记录', '系统', current_timestamp, current_timestamp);
insert into logistics_waybill (id, waybill_no, order_id, start_site, target_site, current_location, transport_status, create_time, update_time) values (260525120000625, 'WB-0019', 260525120000417, '始发网点', '目的网点', '运输中转站', 'EXCEPTION', current_timestamp, current_timestamp);
insert into logistics_dispatch (id, order_id, waybill_id, driver_id, vehicle_id, start_site, target_site, planned_departure_time, planned_arrival_time, dispatch_status, create_time, update_time) values (260525120000626, 260525120000417, 260525120000625, 260525120000197, 260525120000297, '始发网点', '目的网点', current_timestamp, current_timestamp, 'ASSIGNED', current_timestamp, current_timestamp);
insert into logistics_task (id, task_no, order_id, waybill_id, dispatch_id, driver_id, vehicle_id, task_status, proof_url, create_time, update_time) values (260525120000627, 'TASK-0019', 260525120000417, 260525120000625, 260525120000626, 260525120000197, 260525120000297, 'TRANSPORTING', null, current_timestamp, current_timestamp);
insert into logistics_track (id, order_id, waybill_id, current_status, current_location, operator_name, operation_desc, operation_time) values (260525120000628, 260525120000417, 260525120000625, 'EXCEPTION', '运输中转站', '调度中心', '系统模拟轨迹数据', current_timestamp);
insert into logistics_exception (id, order_id, task_id, exception_type, exception_desc, exception_status, report_user, report_time, handle_user, handle_time) values (260525120000629, 260525120000417, 260525120000627, '运输延误', '模拟异常记录', 'WAIT_HANDLE', '调度中心', current_timestamp, null, null);
insert into logistics_fee (id, order_id, base_fee, weight_fee, distance_fee, additional_fee, discount_fee, payable_fee, actual_fee, payment_status, create_time, update_time) values (260525120000630, 260525120000417, 120.00, 39.00, 80.00, 0.00, 0.00, 239.00, 0.00, 'UNPAID', current_timestamp, current_timestamp);
insert into logistics_order_tracking (id, order_no, tracking_status, location, description, operator_name, occurred_at, created_at) values (260525120000631, 'LO-DEMO-0019', 'EXCEPTION', '运输中转站', '模拟订单跟踪记录', '系统', current_timestamp, current_timestamp);
insert into logistics_waybill (id, waybill_no, order_id, start_site, target_site, current_location, transport_status, create_time, update_time) values (260525120000632, 'WB-0020', 260525120000418, '始发网点', '目的网点', '运输中转站', 'WAIT_DISPATCH', current_timestamp, current_timestamp);
insert into logistics_dispatch (id, order_id, waybill_id, driver_id, vehicle_id, start_site, target_site, planned_departure_time, planned_arrival_time, dispatch_status, create_time, update_time) values (260525120000633, 260525120000418, 260525120000632, 260525120000198, 260525120000298, '始发网点', '目的网点', current_timestamp, current_timestamp, 'FINISHED', current_timestamp, current_timestamp);
insert into logistics_task (id, task_no, order_id, waybill_id, dispatch_id, driver_id, vehicle_id, task_status, proof_url, create_time, update_time) values (260525120000634, 'TASK-0020', 260525120000418, 260525120000632, 260525120000633, 260525120000198, 260525120000298, 'SIGNED', null, current_timestamp, current_timestamp);
insert into logistics_track (id, order_id, waybill_id, current_status, current_location, operator_name, operation_desc, operation_time) values (260525120000635, 260525120000418, 260525120000632, 'WAIT_DISPATCH', '运输中转站', '调度中心', '系统模拟轨迹数据', current_timestamp);
insert into logistics_exception (id, order_id, task_id, exception_type, exception_desc, exception_status, report_user, report_time, handle_user, handle_time) values (260525120000636, 260525120000418, 260525120000634, '运输延误', '模拟异常记录', 'CLOSED', '调度中心', current_timestamp, null, null);
insert into logistics_fee (id, order_id, base_fee, weight_fee, distance_fee, additional_fee, discount_fee, payable_fee, actual_fee, payment_status, create_time, update_time) values (260525120000637, 260525120000418, 120.00, 40.00, 80.00, 0.00, 0.00, 240.00, 0.00, 'UNPAID', current_timestamp, current_timestamp);
insert into logistics_order_tracking (id, order_no, tracking_status, location, description, operator_name, occurred_at, created_at) values (260525120000638, 'LO-DEMO-0020', 'WAIT_DISPATCH', '运输中转站', '模拟订单跟踪记录', '系统', current_timestamp, current_timestamp);
insert into logistics_waybill (id, waybill_no, order_id, start_site, target_site, current_location, transport_status, create_time, update_time) values (260525120000639, 'WB-0021', 260525120000419, '始发网点', '目的网点', '运输中转站', 'DISPATCHED', current_timestamp, current_timestamp);
insert into logistics_dispatch (id, order_id, waybill_id, driver_id, vehicle_id, start_site, target_site, planned_departure_time, planned_arrival_time, dispatch_status, create_time, update_time) values (260525120000640, 260525120000419, 260525120000639, 260525120000199, 260525120000299, '始发网点', '目的网点', current_timestamp, current_timestamp, 'ASSIGNED', current_timestamp, current_timestamp);
insert into logistics_task (id, task_no, order_id, waybill_id, dispatch_id, driver_id, vehicle_id, task_status, proof_url, create_time, update_time) values (260525120000641, 'TASK-0021', 260525120000419, 260525120000639, 260525120000640, 260525120000199, 260525120000299, 'TRANSPORTING', null, current_timestamp, current_timestamp);
insert into logistics_track (id, order_id, waybill_id, current_status, current_location, operator_name, operation_desc, operation_time) values (260525120000642, 260525120000419, 260525120000639, 'DISPATCHED', '运输中转站', '调度中心', '系统模拟轨迹数据', current_timestamp);
insert into logistics_exception (id, order_id, task_id, exception_type, exception_desc, exception_status, report_user, report_time, handle_user, handle_time) values (260525120000643, 260525120000419, 260525120000641, '运输延误', '模拟异常记录', 'WAIT_HANDLE', '调度中心', current_timestamp, null, null);
insert into logistics_fee (id, order_id, base_fee, weight_fee, distance_fee, additional_fee, discount_fee, payable_fee, actual_fee, payment_status, create_time, update_time) values (260525120000644, 260525120000419, 120.00, 41.00, 80.00, 0.00, 0.00, 241.00, 241.00, 'PAID', current_timestamp, current_timestamp);
insert into logistics_order_tracking (id, order_no, tracking_status, location, description, operator_name, occurred_at, created_at) values (260525120000645, 'LO-DEMO-0021', 'DISPATCHED', '运输中转站', '模拟订单跟踪记录', '系统', current_timestamp, current_timestamp);
insert into logistics_waybill (id, waybill_no, order_id, start_site, target_site, current_location, transport_status, create_time, update_time) values (260525120000646, 'WB-0022', 260525120000420, '始发网点', '目的网点', '运输中转站', 'IN_TRANSIT', current_timestamp, current_timestamp);
insert into logistics_dispatch (id, order_id, waybill_id, driver_id, vehicle_id, start_site, target_site, planned_departure_time, planned_arrival_time, dispatch_status, create_time, update_time) values (260525120000647, 260525120000420, 260525120000646, 260525120000200, 260525120000300, '始发网点', '目的网点', current_timestamp, current_timestamp, 'ASSIGNED', current_timestamp, current_timestamp);
insert into logistics_task (id, task_no, order_id, waybill_id, dispatch_id, driver_id, vehicle_id, task_status, proof_url, create_time, update_time) values (260525120000648, 'TASK-0022', 260525120000420, 260525120000646, 260525120000647, 260525120000200, 260525120000300, 'TRANSPORTING', null, current_timestamp, current_timestamp);
insert into logistics_track (id, order_id, waybill_id, current_status, current_location, operator_name, operation_desc, operation_time) values (260525120000649, 260525120000420, 260525120000646, 'IN_TRANSIT', '运输中转站', '调度中心', '系统模拟轨迹数据', current_timestamp);
insert into logistics_exception (id, order_id, task_id, exception_type, exception_desc, exception_status, report_user, report_time, handle_user, handle_time) values (260525120000650, 260525120000420, 260525120000648, '运输延误', '模拟异常记录', 'CLOSED', '调度中心', current_timestamp, null, null);
insert into logistics_fee (id, order_id, base_fee, weight_fee, distance_fee, additional_fee, discount_fee, payable_fee, actual_fee, payment_status, create_time, update_time) values (260525120000651, 260525120000420, 120.00, 42.00, 80.00, 0.00, 0.00, 242.00, 0.00, 'UNPAID', current_timestamp, current_timestamp);
insert into logistics_order_tracking (id, order_no, tracking_status, location, description, operator_name, occurred_at, created_at) values (260525120000652, 'LO-DEMO-0022', 'IN_TRANSIT', '运输中转站', '模拟订单跟踪记录', '系统', current_timestamp, current_timestamp);
insert into logistics_waybill (id, waybill_no, order_id, start_site, target_site, current_location, transport_status, create_time, update_time) values (260525120000653, 'WB-0023', 260525120000421, '始发网点', '目的网点', '运输中转站', 'DELIVERED', current_timestamp, current_timestamp);
insert into logistics_dispatch (id, order_id, waybill_id, driver_id, vehicle_id, start_site, target_site, planned_departure_time, planned_arrival_time, dispatch_status, create_time, update_time) values (260525120000654, 260525120000421, 260525120000653, 260525120000201, 260525120000301, '始发网点', '目的网点', current_timestamp, current_timestamp, 'ASSIGNED', current_timestamp, current_timestamp);
insert into logistics_task (id, task_no, order_id, waybill_id, dispatch_id, driver_id, vehicle_id, task_status, proof_url, create_time, update_time) values (260525120000655, 'TASK-0023', 260525120000421, 260525120000653, 260525120000654, 260525120000201, 260525120000301, 'TRANSPORTING', null, current_timestamp, current_timestamp);
insert into logistics_track (id, order_id, waybill_id, current_status, current_location, operator_name, operation_desc, operation_time) values (260525120000656, 260525120000421, 260525120000653, 'DELIVERED', '运输中转站', '调度中心', '系统模拟轨迹数据', current_timestamp);
insert into logistics_exception (id, order_id, task_id, exception_type, exception_desc, exception_status, report_user, report_time, handle_user, handle_time) values (260525120000657, 260525120000421, 260525120000655, '运输延误', '模拟异常记录', 'WAIT_HANDLE', '调度中心', current_timestamp, null, null);
insert into logistics_fee (id, order_id, base_fee, weight_fee, distance_fee, additional_fee, discount_fee, payable_fee, actual_fee, payment_status, create_time, update_time) values (260525120000658, 260525120000421, 120.00, 43.00, 80.00, 0.00, 0.00, 243.00, 0.00, 'UNPAID', current_timestamp, current_timestamp);
insert into logistics_order_tracking (id, order_no, tracking_status, location, description, operator_name, occurred_at, created_at) values (260525120000659, 'LO-DEMO-0023', 'DELIVERED', '运输中转站', '模拟订单跟踪记录', '系统', current_timestamp, current_timestamp);
insert into logistics_waybill (id, waybill_no, order_id, start_site, target_site, current_location, transport_status, create_time, update_time) values (260525120000660, 'WB-0024', 260525120000422, '始发网点', '目的网点', '运输中转站', 'EXCEPTION', current_timestamp, current_timestamp);
insert into logistics_dispatch (id, order_id, waybill_id, driver_id, vehicle_id, start_site, target_site, planned_departure_time, planned_arrival_time, dispatch_status, create_time, update_time) values (260525120000661, 260525120000422, 260525120000660, 260525120000202, 260525120000302, '始发网点', '目的网点', current_timestamp, current_timestamp, 'FINISHED', current_timestamp, current_timestamp);
insert into logistics_task (id, task_no, order_id, waybill_id, dispatch_id, driver_id, vehicle_id, task_status, proof_url, create_time, update_time) values (260525120000662, 'TASK-0024', 260525120000422, 260525120000660, 260525120000661, 260525120000202, 260525120000302, 'SIGNED', null, current_timestamp, current_timestamp);
insert into logistics_track (id, order_id, waybill_id, current_status, current_location, operator_name, operation_desc, operation_time) values (260525120000663, 260525120000422, 260525120000660, 'EXCEPTION', '运输中转站', '调度中心', '系统模拟轨迹数据', current_timestamp);
insert into logistics_exception (id, order_id, task_id, exception_type, exception_desc, exception_status, report_user, report_time, handle_user, handle_time) values (260525120000664, 260525120000422, 260525120000662, '运输延误', '模拟异常记录', 'CLOSED', '调度中心', current_timestamp, null, null);
insert into logistics_fee (id, order_id, base_fee, weight_fee, distance_fee, additional_fee, discount_fee, payable_fee, actual_fee, payment_status, create_time, update_time) values (260525120000665, 260525120000422, 120.00, 44.00, 80.00, 0.00, 0.00, 244.00, 244.00, 'PAID', current_timestamp, current_timestamp);
insert into logistics_order_tracking (id, order_no, tracking_status, location, description, operator_name, occurred_at, created_at) values (260525120000666, 'LO-DEMO-0024', 'EXCEPTION', '运输中转站', '模拟订单跟踪记录', '系统', current_timestamp, current_timestamp);
insert into logistics_waybill (id, waybill_no, order_id, start_site, target_site, current_location, transport_status, create_time, update_time) values (260525120000667, 'WB-0025', 260525120000423, '始发网点', '目的网点', '运输中转站', 'WAIT_DISPATCH', current_timestamp, current_timestamp);
insert into logistics_dispatch (id, order_id, waybill_id, driver_id, vehicle_id, start_site, target_site, planned_departure_time, planned_arrival_time, dispatch_status, create_time, update_time) values (260525120000668, 260525120000423, 260525120000667, 260525120000203, 260525120000303, '始发网点', '目的网点', current_timestamp, current_timestamp, 'ASSIGNED', current_timestamp, current_timestamp);
insert into logistics_task (id, task_no, order_id, waybill_id, dispatch_id, driver_id, vehicle_id, task_status, proof_url, create_time, update_time) values (260525120000669, 'TASK-0025', 260525120000423, 260525120000667, 260525120000668, 260525120000203, 260525120000303, 'TRANSPORTING', null, current_timestamp, current_timestamp);
insert into logistics_track (id, order_id, waybill_id, current_status, current_location, operator_name, operation_desc, operation_time) values (260525120000670, 260525120000423, 260525120000667, 'WAIT_DISPATCH', '运输中转站', '调度中心', '系统模拟轨迹数据', current_timestamp);
insert into logistics_exception (id, order_id, task_id, exception_type, exception_desc, exception_status, report_user, report_time, handle_user, handle_time) values (260525120000671, 260525120000423, 260525120000669, '运输延误', '模拟异常记录', 'WAIT_HANDLE', '调度中心', current_timestamp, null, null);
insert into logistics_fee (id, order_id, base_fee, weight_fee, distance_fee, additional_fee, discount_fee, payable_fee, actual_fee, payment_status, create_time, update_time) values (260525120000672, 260525120000423, 120.00, 45.00, 80.00, 0.00, 0.00, 245.00, 0.00, 'UNPAID', current_timestamp, current_timestamp);
insert into logistics_order_tracking (id, order_no, tracking_status, location, description, operator_name, occurred_at, created_at) values (260525120000673, 'LO-DEMO-0025', 'WAIT_DISPATCH', '运输中转站', '模拟订单跟踪记录', '系统', current_timestamp, current_timestamp);
insert into logistics_waybill (id, waybill_no, order_id, start_site, target_site, current_location, transport_status, create_time, update_time) values (260525120000674, 'WB-0026', 260525120000424, '始发网点', '目的网点', '运输中转站', 'DISPATCHED', current_timestamp, current_timestamp);
insert into logistics_dispatch (id, order_id, waybill_id, driver_id, vehicle_id, start_site, target_site, planned_departure_time, planned_arrival_time, dispatch_status, create_time, update_time) values (260525120000675, 260525120000424, 260525120000674, 260525120000204, 260525120000304, '始发网点', '目的网点', current_timestamp, current_timestamp, 'ASSIGNED', current_timestamp, current_timestamp);
insert into logistics_task (id, task_no, order_id, waybill_id, dispatch_id, driver_id, vehicle_id, task_status, proof_url, create_time, update_time) values (260525120000676, 'TASK-0026', 260525120000424, 260525120000674, 260525120000675, 260525120000204, 260525120000304, 'TRANSPORTING', null, current_timestamp, current_timestamp);
insert into logistics_track (id, order_id, waybill_id, current_status, current_location, operator_name, operation_desc, operation_time) values (260525120000677, 260525120000424, 260525120000674, 'DISPATCHED', '运输中转站', '调度中心', '系统模拟轨迹数据', current_timestamp);
insert into logistics_fee (id, order_id, base_fee, weight_fee, distance_fee, additional_fee, discount_fee, payable_fee, actual_fee, payment_status, create_time, update_time) values (260525120000678, 260525120000424, 120.00, 46.00, 80.00, 0.00, 0.00, 246.00, 0.00, 'UNPAID', current_timestamp, current_timestamp);
insert into logistics_order_tracking (id, order_no, tracking_status, location, description, operator_name, occurred_at, created_at) values (260525120000679, 'LO-DEMO-0026', 'DISPATCHED', '运输中转站', '模拟订单跟踪记录', '系统', current_timestamp, current_timestamp);
insert into logistics_waybill (id, waybill_no, order_id, start_site, target_site, current_location, transport_status, create_time, update_time) values (260525120000680, 'WB-0027', 260525120000425, '始发网点', '目的网点', '运输中转站', 'IN_TRANSIT', current_timestamp, current_timestamp);
insert into logistics_dispatch (id, order_id, waybill_id, driver_id, vehicle_id, start_site, target_site, planned_departure_time, planned_arrival_time, dispatch_status, create_time, update_time) values (260525120000681, 260525120000425, 260525120000680, 260525120000205, 260525120000305, '始发网点', '目的网点', current_timestamp, current_timestamp, 'ASSIGNED', current_timestamp, current_timestamp);
insert into logistics_task (id, task_no, order_id, waybill_id, dispatch_id, driver_id, vehicle_id, task_status, proof_url, create_time, update_time) values (260525120000682, 'TASK-0027', 260525120000425, 260525120000680, 260525120000681, 260525120000205, 260525120000305, 'TRANSPORTING', null, current_timestamp, current_timestamp);
insert into logistics_track (id, order_id, waybill_id, current_status, current_location, operator_name, operation_desc, operation_time) values (260525120000683, 260525120000425, 260525120000680, 'IN_TRANSIT', '运输中转站', '调度中心', '系统模拟轨迹数据', current_timestamp);
insert into logistics_fee (id, order_id, base_fee, weight_fee, distance_fee, additional_fee, discount_fee, payable_fee, actual_fee, payment_status, create_time, update_time) values (260525120000684, 260525120000425, 120.00, 47.00, 80.00, 0.00, 0.00, 247.00, 247.00, 'PAID', current_timestamp, current_timestamp);
insert into logistics_order_tracking (id, order_no, tracking_status, location, description, operator_name, occurred_at, created_at) values (260525120000685, 'LO-DEMO-0027', 'IN_TRANSIT', '运输中转站', '模拟订单跟踪记录', '系统', current_timestamp, current_timestamp);
insert into logistics_waybill (id, waybill_no, order_id, start_site, target_site, current_location, transport_status, create_time, update_time) values (260525120000686, 'WB-0028', 260525120000426, '始发网点', '目的网点', '运输中转站', 'DELIVERED', current_timestamp, current_timestamp);
insert into logistics_dispatch (id, order_id, waybill_id, driver_id, vehicle_id, start_site, target_site, planned_departure_time, planned_arrival_time, dispatch_status, create_time, update_time) values (260525120000687, 260525120000426, 260525120000686, 260525120000206, 260525120000306, '始发网点', '目的网点', current_timestamp, current_timestamp, 'FINISHED', current_timestamp, current_timestamp);
insert into logistics_task (id, task_no, order_id, waybill_id, dispatch_id, driver_id, vehicle_id, task_status, proof_url, create_time, update_time) values (260525120000688, 'TASK-0028', 260525120000426, 260525120000686, 260525120000687, 260525120000206, 260525120000306, 'SIGNED', null, current_timestamp, current_timestamp);
insert into logistics_track (id, order_id, waybill_id, current_status, current_location, operator_name, operation_desc, operation_time) values (260525120000689, 260525120000426, 260525120000686, 'DELIVERED', '运输中转站', '调度中心', '系统模拟轨迹数据', current_timestamp);
insert into logistics_fee (id, order_id, base_fee, weight_fee, distance_fee, additional_fee, discount_fee, payable_fee, actual_fee, payment_status, create_time, update_time) values (260525120000690, 260525120000426, 120.00, 48.00, 80.00, 0.00, 0.00, 248.00, 0.00, 'UNPAID', current_timestamp, current_timestamp);
insert into logistics_order_tracking (id, order_no, tracking_status, location, description, operator_name, occurred_at, created_at) values (260525120000691, 'LO-DEMO-0028', 'DELIVERED', '运输中转站', '模拟订单跟踪记录', '系统', current_timestamp, current_timestamp);
insert into logistics_waybill (id, waybill_no, order_id, start_site, target_site, current_location, transport_status, create_time, update_time) values (260525120000692, 'WB-0029', 260525120000427, '始发网点', '目的网点', '运输中转站', 'EXCEPTION', current_timestamp, current_timestamp);
insert into logistics_dispatch (id, order_id, waybill_id, driver_id, vehicle_id, start_site, target_site, planned_departure_time, planned_arrival_time, dispatch_status, create_time, update_time) values (260525120000693, 260525120000427, 260525120000692, 260525120000207, 260525120000307, '始发网点', '目的网点', current_timestamp, current_timestamp, 'ASSIGNED', current_timestamp, current_timestamp);
insert into logistics_task (id, task_no, order_id, waybill_id, dispatch_id, driver_id, vehicle_id, task_status, proof_url, create_time, update_time) values (260525120000694, 'TASK-0029', 260525120000427, 260525120000692, 260525120000693, 260525120000207, 260525120000307, 'TRANSPORTING', null, current_timestamp, current_timestamp);
insert into logistics_track (id, order_id, waybill_id, current_status, current_location, operator_name, operation_desc, operation_time) values (260525120000695, 260525120000427, 260525120000692, 'EXCEPTION', '运输中转站', '调度中心', '系统模拟轨迹数据', current_timestamp);
insert into logistics_fee (id, order_id, base_fee, weight_fee, distance_fee, additional_fee, discount_fee, payable_fee, actual_fee, payment_status, create_time, update_time) values (260525120000696, 260525120000427, 120.00, 49.00, 80.00, 0.00, 0.00, 249.00, 0.00, 'UNPAID', current_timestamp, current_timestamp);
insert into logistics_order_tracking (id, order_no, tracking_status, location, description, operator_name, occurred_at, created_at) values (260525120000697, 'LO-DEMO-0029', 'EXCEPTION', '运输中转站', '模拟订单跟踪记录', '系统', current_timestamp, current_timestamp);
insert into logistics_waybill (id, waybill_no, order_id, start_site, target_site, current_location, transport_status, create_time, update_time) values (260525120000698, 'WB-0030', 260525120000428, '始发网点', '目的网点', '运输中转站', 'WAIT_DISPATCH', current_timestamp, current_timestamp);
insert into logistics_dispatch (id, order_id, waybill_id, driver_id, vehicle_id, start_site, target_site, planned_departure_time, planned_arrival_time, dispatch_status, create_time, update_time) values (260525120000699, 260525120000428, 260525120000698, 260525120000208, 260525120000308, '始发网点', '目的网点', current_timestamp, current_timestamp, 'ASSIGNED', current_timestamp, current_timestamp);
insert into logistics_task (id, task_no, order_id, waybill_id, dispatch_id, driver_id, vehicle_id, task_status, proof_url, create_time, update_time) values (260525120000700, 'TASK-0030', 260525120000428, 260525120000698, 260525120000699, 260525120000208, 260525120000308, 'TRANSPORTING', null, current_timestamp, current_timestamp);
insert into logistics_track (id, order_id, waybill_id, current_status, current_location, operator_name, operation_desc, operation_time) values (260525120000701, 260525120000428, 260525120000698, 'WAIT_DISPATCH', '运输中转站', '调度中心', '系统模拟轨迹数据', current_timestamp);
insert into logistics_fee (id, order_id, base_fee, weight_fee, distance_fee, additional_fee, discount_fee, payable_fee, actual_fee, payment_status, create_time, update_time) values (260525120000702, 260525120000428, 120.00, 50.00, 80.00, 0.00, 0.00, 250.00, 250.00, 'PAID', current_timestamp, current_timestamp);
insert into logistics_order_tracking (id, order_no, tracking_status, location, description, operator_name, occurred_at, created_at) values (260525120000703, 'LO-DEMO-0030', 'WAIT_DISPATCH', '运输中转站', '模拟订单跟踪记录', '系统', current_timestamp, current_timestamp);
insert into logistics_waybill (id, waybill_no, order_id, start_site, target_site, current_location, transport_status, create_time, update_time) values (260525120000704, 'WB-0031', 260525120000429, '始发网点', '目的网点', '运输中转站', 'DISPATCHED', current_timestamp, current_timestamp);
insert into logistics_dispatch (id, order_id, waybill_id, driver_id, vehicle_id, start_site, target_site, planned_departure_time, planned_arrival_time, dispatch_status, create_time, update_time) values (260525120000705, 260525120000429, 260525120000704, 260525120000209, 260525120000309, '始发网点', '目的网点', current_timestamp, current_timestamp, 'ASSIGNED', current_timestamp, current_timestamp);
insert into logistics_task (id, task_no, order_id, waybill_id, dispatch_id, driver_id, vehicle_id, task_status, proof_url, create_time, update_time) values (260525120000706, 'TASK-0031', 260525120000429, 260525120000704, 260525120000705, 260525120000209, 260525120000309, 'TRANSPORTING', null, current_timestamp, current_timestamp);
insert into logistics_track (id, order_id, waybill_id, current_status, current_location, operator_name, operation_desc, operation_time) values (260525120000707, 260525120000429, 260525120000704, 'DISPATCHED', '运输中转站', '调度中心', '系统模拟轨迹数据', current_timestamp);
insert into logistics_fee (id, order_id, base_fee, weight_fee, distance_fee, additional_fee, discount_fee, payable_fee, actual_fee, payment_status, create_time, update_time) values (260525120000708, 260525120000429, 120.00, 51.00, 80.00, 0.00, 0.00, 251.00, 0.00, 'UNPAID', current_timestamp, current_timestamp);
insert into logistics_order_tracking (id, order_no, tracking_status, location, description, operator_name, occurred_at, created_at) values (260525120000709, 'LO-DEMO-0031', 'DISPATCHED', '运输中转站', '模拟订单跟踪记录', '系统', current_timestamp, current_timestamp);
insert into logistics_waybill (id, waybill_no, order_id, start_site, target_site, current_location, transport_status, create_time, update_time) values (260525120000710, 'WB-0032', 260525120000430, '始发网点', '目的网点', '运输中转站', 'IN_TRANSIT', current_timestamp, current_timestamp);
insert into logistics_dispatch (id, order_id, waybill_id, driver_id, vehicle_id, start_site, target_site, planned_departure_time, planned_arrival_time, dispatch_status, create_time, update_time) values (260525120000711, 260525120000430, 260525120000710, 260525120000210, 260525120000310, '始发网点', '目的网点', current_timestamp, current_timestamp, 'FINISHED', current_timestamp, current_timestamp);
insert into logistics_task (id, task_no, order_id, waybill_id, dispatch_id, driver_id, vehicle_id, task_status, proof_url, create_time, update_time) values (260525120000712, 'TASK-0032', 260525120000430, 260525120000710, 260525120000711, 260525120000210, 260525120000310, 'SIGNED', null, current_timestamp, current_timestamp);
insert into logistics_track (id, order_id, waybill_id, current_status, current_location, operator_name, operation_desc, operation_time) values (260525120000713, 260525120000430, 260525120000710, 'IN_TRANSIT', '运输中转站', '调度中心', '系统模拟轨迹数据', current_timestamp);
insert into logistics_fee (id, order_id, base_fee, weight_fee, distance_fee, additional_fee, discount_fee, payable_fee, actual_fee, payment_status, create_time, update_time) values (260525120000714, 260525120000430, 120.00, 52.00, 80.00, 0.00, 0.00, 252.00, 0.00, 'UNPAID', current_timestamp, current_timestamp);
insert into logistics_order_tracking (id, order_no, tracking_status, location, description, operator_name, occurred_at, created_at) values (260525120000715, 'LO-DEMO-0032', 'IN_TRANSIT', '运输中转站', '模拟订单跟踪记录', '系统', current_timestamp, current_timestamp);
insert into logistics_waybill (id, waybill_no, order_id, start_site, target_site, current_location, transport_status, create_time, update_time) values (260525120000716, 'WB-0033', 260525120000431, '始发网点', '目的网点', '运输中转站', 'DELIVERED', current_timestamp, current_timestamp);
insert into logistics_dispatch (id, order_id, waybill_id, driver_id, vehicle_id, start_site, target_site, planned_departure_time, planned_arrival_time, dispatch_status, create_time, update_time) values (260525120000717, 260525120000431, 260525120000716, 260525120000211, 260525120000311, '始发网点', '目的网点', current_timestamp, current_timestamp, 'ASSIGNED', current_timestamp, current_timestamp);
insert into logistics_task (id, task_no, order_id, waybill_id, dispatch_id, driver_id, vehicle_id, task_status, proof_url, create_time, update_time) values (260525120000718, 'TASK-0033', 260525120000431, 260525120000716, 260525120000717, 260525120000211, 260525120000311, 'TRANSPORTING', null, current_timestamp, current_timestamp);
insert into logistics_track (id, order_id, waybill_id, current_status, current_location, operator_name, operation_desc, operation_time) values (260525120000719, 260525120000431, 260525120000716, 'DELIVERED', '运输中转站', '调度中心', '系统模拟轨迹数据', current_timestamp);
insert into logistics_fee (id, order_id, base_fee, weight_fee, distance_fee, additional_fee, discount_fee, payable_fee, actual_fee, payment_status, create_time, update_time) values (260525120000720, 260525120000431, 120.00, 53.00, 80.00, 0.00, 0.00, 253.00, 253.00, 'PAID', current_timestamp, current_timestamp);
insert into logistics_order_tracking (id, order_no, tracking_status, location, description, operator_name, occurred_at, created_at) values (260525120000721, 'LO-DEMO-0033', 'DELIVERED', '运输中转站', '模拟订单跟踪记录', '系统', current_timestamp, current_timestamp);
insert into logistics_waybill (id, waybill_no, order_id, start_site, target_site, current_location, transport_status, create_time, update_time) values (260525120000722, 'WB-0034', 260525120000432, '始发网点', '目的网点', '运输中转站', 'EXCEPTION', current_timestamp, current_timestamp);
insert into logistics_dispatch (id, order_id, waybill_id, driver_id, vehicle_id, start_site, target_site, planned_departure_time, planned_arrival_time, dispatch_status, create_time, update_time) values (260525120000723, 260525120000432, 260525120000722, 260525120000212, 260525120000312, '始发网点', '目的网点', current_timestamp, current_timestamp, 'ASSIGNED', current_timestamp, current_timestamp);
insert into logistics_task (id, task_no, order_id, waybill_id, dispatch_id, driver_id, vehicle_id, task_status, proof_url, create_time, update_time) values (260525120000724, 'TASK-0034', 260525120000432, 260525120000722, 260525120000723, 260525120000212, 260525120000312, 'TRANSPORTING', null, current_timestamp, current_timestamp);
insert into logistics_track (id, order_id, waybill_id, current_status, current_location, operator_name, operation_desc, operation_time) values (260525120000725, 260525120000432, 260525120000722, 'EXCEPTION', '运输中转站', '调度中心', '系统模拟轨迹数据', current_timestamp);
insert into logistics_fee (id, order_id, base_fee, weight_fee, distance_fee, additional_fee, discount_fee, payable_fee, actual_fee, payment_status, create_time, update_time) values (260525120000726, 260525120000432, 120.00, 54.00, 80.00, 0.00, 0.00, 254.00, 0.00, 'UNPAID', current_timestamp, current_timestamp);
insert into logistics_order_tracking (id, order_no, tracking_status, location, description, operator_name, occurred_at, created_at) values (260525120000727, 'LO-DEMO-0034', 'EXCEPTION', '运输中转站', '模拟订单跟踪记录', '系统', current_timestamp, current_timestamp);
insert into logistics_waybill (id, waybill_no, order_id, start_site, target_site, current_location, transport_status, create_time, update_time) values (260525120000728, 'WB-0035', 260525120000433, '始发网点', '目的网点', '运输中转站', 'WAIT_DISPATCH', current_timestamp, current_timestamp);
insert into logistics_dispatch (id, order_id, waybill_id, driver_id, vehicle_id, start_site, target_site, planned_departure_time, planned_arrival_time, dispatch_status, create_time, update_time) values (260525120000729, 260525120000433, 260525120000728, 260525120000213, 260525120000313, '始发网点', '目的网点', current_timestamp, current_timestamp, 'ASSIGNED', current_timestamp, current_timestamp);
insert into logistics_task (id, task_no, order_id, waybill_id, dispatch_id, driver_id, vehicle_id, task_status, proof_url, create_time, update_time) values (260525120000730, 'TASK-0035', 260525120000433, 260525120000728, 260525120000729, 260525120000213, 260525120000313, 'TRANSPORTING', null, current_timestamp, current_timestamp);
insert into logistics_track (id, order_id, waybill_id, current_status, current_location, operator_name, operation_desc, operation_time) values (260525120000731, 260525120000433, 260525120000728, 'WAIT_DISPATCH', '运输中转站', '调度中心', '系统模拟轨迹数据', current_timestamp);
insert into logistics_fee (id, order_id, base_fee, weight_fee, distance_fee, additional_fee, discount_fee, payable_fee, actual_fee, payment_status, create_time, update_time) values (260525120000732, 260525120000433, 120.00, 55.00, 80.00, 0.00, 0.00, 255.00, 0.00, 'UNPAID', current_timestamp, current_timestamp);
insert into logistics_order_tracking (id, order_no, tracking_status, location, description, operator_name, occurred_at, created_at) values (260525120000733, 'LO-DEMO-0035', 'WAIT_DISPATCH', '运输中转站', '模拟订单跟踪记录', '系统', current_timestamp, current_timestamp);
insert into logistics_waybill (id, waybill_no, order_id, start_site, target_site, current_location, transport_status, create_time, update_time) values (260525120000734, 'WB-0036', 260525120000434, '始发网点', '目的网点', '运输中转站', 'DISPATCHED', current_timestamp, current_timestamp);
insert into logistics_dispatch (id, order_id, waybill_id, driver_id, vehicle_id, start_site, target_site, planned_departure_time, planned_arrival_time, dispatch_status, create_time, update_time) values (260525120000735, 260525120000434, 260525120000734, 260525120000214, 260525120000314, '始发网点', '目的网点', current_timestamp, current_timestamp, 'FINISHED', current_timestamp, current_timestamp);
insert into logistics_task (id, task_no, order_id, waybill_id, dispatch_id, driver_id, vehicle_id, task_status, proof_url, create_time, update_time) values (260525120000736, 'TASK-0036', 260525120000434, 260525120000734, 260525120000735, 260525120000214, 260525120000314, 'SIGNED', null, current_timestamp, current_timestamp);
insert into logistics_track (id, order_id, waybill_id, current_status, current_location, operator_name, operation_desc, operation_time) values (260525120000737, 260525120000434, 260525120000734, 'DISPATCHED', '运输中转站', '调度中心', '系统模拟轨迹数据', current_timestamp);
insert into logistics_fee (id, order_id, base_fee, weight_fee, distance_fee, additional_fee, discount_fee, payable_fee, actual_fee, payment_status, create_time, update_time) values (260525120000738, 260525120000434, 120.00, 56.00, 80.00, 0.00, 0.00, 256.00, 256.00, 'PAID', current_timestamp, current_timestamp);
insert into logistics_order_tracking (id, order_no, tracking_status, location, description, operator_name, occurred_at, created_at) values (260525120000739, 'LO-DEMO-0036', 'DISPATCHED', '运输中转站', '模拟订单跟踪记录', '系统', current_timestamp, current_timestamp);
insert into logistics_waybill (id, waybill_no, order_id, start_site, target_site, current_location, transport_status, create_time, update_time) values (260525120000740, 'WB-0037', 260525120000435, '始发网点', '目的网点', '运输中转站', 'IN_TRANSIT', current_timestamp, current_timestamp);
insert into logistics_dispatch (id, order_id, waybill_id, driver_id, vehicle_id, start_site, target_site, planned_departure_time, planned_arrival_time, dispatch_status, create_time, update_time) values (260525120000741, 260525120000435, 260525120000740, 260525120000215, 260525120000315, '始发网点', '目的网点', current_timestamp, current_timestamp, 'ASSIGNED', current_timestamp, current_timestamp);
insert into logistics_task (id, task_no, order_id, waybill_id, dispatch_id, driver_id, vehicle_id, task_status, proof_url, create_time, update_time) values (260525120000742, 'TASK-0037', 260525120000435, 260525120000740, 260525120000741, 260525120000215, 260525120000315, 'TRANSPORTING', null, current_timestamp, current_timestamp);
insert into logistics_track (id, order_id, waybill_id, current_status, current_location, operator_name, operation_desc, operation_time) values (260525120000743, 260525120000435, 260525120000740, 'IN_TRANSIT', '运输中转站', '调度中心', '系统模拟轨迹数据', current_timestamp);
insert into logistics_fee (id, order_id, base_fee, weight_fee, distance_fee, additional_fee, discount_fee, payable_fee, actual_fee, payment_status, create_time, update_time) values (260525120000744, 260525120000435, 120.00, 57.00, 80.00, 0.00, 0.00, 257.00, 0.00, 'UNPAID', current_timestamp, current_timestamp);
insert into logistics_order_tracking (id, order_no, tracking_status, location, description, operator_name, occurred_at, created_at) values (260525120000745, 'LO-DEMO-0037', 'IN_TRANSIT', '运输中转站', '模拟订单跟踪记录', '系统', current_timestamp, current_timestamp);
insert into logistics_waybill (id, waybill_no, order_id, start_site, target_site, current_location, transport_status, create_time, update_time) values (260525120000746, 'WB-0038', 260525120000436, '始发网点', '目的网点', '运输中转站', 'DELIVERED', current_timestamp, current_timestamp);
insert into logistics_dispatch (id, order_id, waybill_id, driver_id, vehicle_id, start_site, target_site, planned_departure_time, planned_arrival_time, dispatch_status, create_time, update_time) values (260525120000747, 260525120000436, 260525120000746, 260525120000216, 260525120000316, '始发网点', '目的网点', current_timestamp, current_timestamp, 'ASSIGNED', current_timestamp, current_timestamp);
insert into logistics_task (id, task_no, order_id, waybill_id, dispatch_id, driver_id, vehicle_id, task_status, proof_url, create_time, update_time) values (260525120000748, 'TASK-0038', 260525120000436, 260525120000746, 260525120000747, 260525120000216, 260525120000316, 'TRANSPORTING', null, current_timestamp, current_timestamp);
insert into logistics_track (id, order_id, waybill_id, current_status, current_location, operator_name, operation_desc, operation_time) values (260525120000749, 260525120000436, 260525120000746, 'DELIVERED', '运输中转站', '调度中心', '系统模拟轨迹数据', current_timestamp);
insert into logistics_fee (id, order_id, base_fee, weight_fee, distance_fee, additional_fee, discount_fee, payable_fee, actual_fee, payment_status, create_time, update_time) values (260525120000750, 260525120000436, 120.00, 58.00, 80.00, 0.00, 0.00, 258.00, 0.00, 'UNPAID', current_timestamp, current_timestamp);
insert into logistics_order_tracking (id, order_no, tracking_status, location, description, operator_name, occurred_at, created_at) values (260525120000751, 'LO-DEMO-0038', 'DELIVERED', '运输中转站', '模拟订单跟踪记录', '系统', current_timestamp, current_timestamp);
insert into logistics_waybill (id, waybill_no, order_id, start_site, target_site, current_location, transport_status, create_time, update_time) values (260525120000752, 'WB-0039', 260525120000437, '始发网点', '目的网点', '运输中转站', 'EXCEPTION', current_timestamp, current_timestamp);
insert into logistics_dispatch (id, order_id, waybill_id, driver_id, vehicle_id, start_site, target_site, planned_departure_time, planned_arrival_time, dispatch_status, create_time, update_time) values (260525120000753, 260525120000437, 260525120000752, 260525120000217, 260525120000317, '始发网点', '目的网点', current_timestamp, current_timestamp, 'ASSIGNED', current_timestamp, current_timestamp);
insert into logistics_task (id, task_no, order_id, waybill_id, dispatch_id, driver_id, vehicle_id, task_status, proof_url, create_time, update_time) values (260525120000754, 'TASK-0039', 260525120000437, 260525120000752, 260525120000753, 260525120000217, 260525120000317, 'TRANSPORTING', null, current_timestamp, current_timestamp);
insert into logistics_track (id, order_id, waybill_id, current_status, current_location, operator_name, operation_desc, operation_time) values (260525120000755, 260525120000437, 260525120000752, 'EXCEPTION', '运输中转站', '调度中心', '系统模拟轨迹数据', current_timestamp);
insert into logistics_fee (id, order_id, base_fee, weight_fee, distance_fee, additional_fee, discount_fee, payable_fee, actual_fee, payment_status, create_time, update_time) values (260525120000756, 260525120000437, 120.00, 59.00, 80.00, 0.00, 0.00, 259.00, 259.00, 'PAID', current_timestamp, current_timestamp);
insert into logistics_order_tracking (id, order_no, tracking_status, location, description, operator_name, occurred_at, created_at) values (260525120000757, 'LO-DEMO-0039', 'EXCEPTION', '运输中转站', '模拟订单跟踪记录', '系统', current_timestamp, current_timestamp);
insert into logistics_waybill (id, waybill_no, order_id, start_site, target_site, current_location, transport_status, create_time, update_time) values (260525120000758, 'WB-0040', 260525120000438, '始发网点', '目的网点', '运输中转站', 'WAIT_DISPATCH', current_timestamp, current_timestamp);
insert into logistics_dispatch (id, order_id, waybill_id, driver_id, vehicle_id, start_site, target_site, planned_departure_time, planned_arrival_time, dispatch_status, create_time, update_time) values (260525120000759, 260525120000438, 260525120000758, 260525120000218, 260525120000318, '始发网点', '目的网点', current_timestamp, current_timestamp, 'FINISHED', current_timestamp, current_timestamp);
insert into logistics_task (id, task_no, order_id, waybill_id, dispatch_id, driver_id, vehicle_id, task_status, proof_url, create_time, update_time) values (260525120000760, 'TASK-0040', 260525120000438, 260525120000758, 260525120000759, 260525120000218, 260525120000318, 'SIGNED', null, current_timestamp, current_timestamp);
insert into logistics_track (id, order_id, waybill_id, current_status, current_location, operator_name, operation_desc, operation_time) values (260525120000761, 260525120000438, 260525120000758, 'WAIT_DISPATCH', '运输中转站', '调度中心', '系统模拟轨迹数据', current_timestamp);
insert into logistics_fee (id, order_id, base_fee, weight_fee, distance_fee, additional_fee, discount_fee, payable_fee, actual_fee, payment_status, create_time, update_time) values (260525120000762, 260525120000438, 120.00, 60.00, 80.00, 0.00, 0.00, 260.00, 0.00, 'UNPAID', current_timestamp, current_timestamp);
insert into logistics_order_tracking (id, order_no, tracking_status, location, description, operator_name, occurred_at, created_at) values (260525120000763, 'LO-DEMO-0040', 'WAIT_DISPATCH', '运输中转站', '模拟订单跟踪记录', '系统', current_timestamp, current_timestamp);
insert into logistics_waybill (id, waybill_no, order_id, start_site, target_site, current_location, transport_status, create_time, update_time) values (260525120000764, 'WB-0041', 260525120000439, '始发网点', '目的网点', '运输中转站', 'DISPATCHED', current_timestamp, current_timestamp);
insert into logistics_dispatch (id, order_id, waybill_id, driver_id, vehicle_id, start_site, target_site, planned_departure_time, planned_arrival_time, dispatch_status, create_time, update_time) values (260525120000765, 260525120000439, 260525120000764, 260525120000219, 260525120000319, '始发网点', '目的网点', current_timestamp, current_timestamp, 'ASSIGNED', current_timestamp, current_timestamp);
insert into logistics_task (id, task_no, order_id, waybill_id, dispatch_id, driver_id, vehicle_id, task_status, proof_url, create_time, update_time) values (260525120000766, 'TASK-0041', 260525120000439, 260525120000764, 260525120000765, 260525120000219, 260525120000319, 'TRANSPORTING', null, current_timestamp, current_timestamp);
insert into logistics_track (id, order_id, waybill_id, current_status, current_location, operator_name, operation_desc, operation_time) values (260525120000767, 260525120000439, 260525120000764, 'DISPATCHED', '运输中转站', '调度中心', '系统模拟轨迹数据', current_timestamp);
insert into logistics_fee (id, order_id, base_fee, weight_fee, distance_fee, additional_fee, discount_fee, payable_fee, actual_fee, payment_status, create_time, update_time) values (260525120000768, 260525120000439, 120.00, 61.00, 80.00, 0.00, 0.00, 261.00, 0.00, 'UNPAID', current_timestamp, current_timestamp);
insert into logistics_order_tracking (id, order_no, tracking_status, location, description, operator_name, occurred_at, created_at) values (260525120000769, 'LO-DEMO-0041', 'DISPATCHED', '运输中转站', '模拟订单跟踪记录', '系统', current_timestamp, current_timestamp);
insert into logistics_waybill (id, waybill_no, order_id, start_site, target_site, current_location, transport_status, create_time, update_time) values (260525120000770, 'WB-0042', 260525120000440, '始发网点', '目的网点', '运输中转站', 'IN_TRANSIT', current_timestamp, current_timestamp);
insert into logistics_dispatch (id, order_id, waybill_id, driver_id, vehicle_id, start_site, target_site, planned_departure_time, planned_arrival_time, dispatch_status, create_time, update_time) values (260525120000771, 260525120000440, 260525120000770, 260525120000220, 260525120000320, '始发网点', '目的网点', current_timestamp, current_timestamp, 'ASSIGNED', current_timestamp, current_timestamp);
insert into logistics_task (id, task_no, order_id, waybill_id, dispatch_id, driver_id, vehicle_id, task_status, proof_url, create_time, update_time) values (260525120000772, 'TASK-0042', 260525120000440, 260525120000770, 260525120000771, 260525120000220, 260525120000320, 'TRANSPORTING', null, current_timestamp, current_timestamp);
insert into logistics_track (id, order_id, waybill_id, current_status, current_location, operator_name, operation_desc, operation_time) values (260525120000773, 260525120000440, 260525120000770, 'IN_TRANSIT', '运输中转站', '调度中心', '系统模拟轨迹数据', current_timestamp);
insert into logistics_fee (id, order_id, base_fee, weight_fee, distance_fee, additional_fee, discount_fee, payable_fee, actual_fee, payment_status, create_time, update_time) values (260525120000774, 260525120000440, 120.00, 62.00, 80.00, 0.00, 0.00, 262.00, 262.00, 'PAID', current_timestamp, current_timestamp);
insert into logistics_order_tracking (id, order_no, tracking_status, location, description, operator_name, occurred_at, created_at) values (260525120000775, 'LO-DEMO-0042', 'IN_TRANSIT', '运输中转站', '模拟订单跟踪记录', '系统', current_timestamp, current_timestamp);
insert into logistics_waybill (id, waybill_no, order_id, start_site, target_site, current_location, transport_status, create_time, update_time) values (260525120000776, 'WB-0043', 260525120000441, '始发网点', '目的网点', '运输中转站', 'DELIVERED', current_timestamp, current_timestamp);
insert into logistics_dispatch (id, order_id, waybill_id, driver_id, vehicle_id, start_site, target_site, planned_departure_time, planned_arrival_time, dispatch_status, create_time, update_time) values (260525120000777, 260525120000441, 260525120000776, 260525120000221, 260525120000321, '始发网点', '目的网点', current_timestamp, current_timestamp, 'ASSIGNED', current_timestamp, current_timestamp);
insert into logistics_task (id, task_no, order_id, waybill_id, dispatch_id, driver_id, vehicle_id, task_status, proof_url, create_time, update_time) values (260525120000778, 'TASK-0043', 260525120000441, 260525120000776, 260525120000777, 260525120000221, 260525120000321, 'TRANSPORTING', null, current_timestamp, current_timestamp);
insert into logistics_track (id, order_id, waybill_id, current_status, current_location, operator_name, operation_desc, operation_time) values (260525120000779, 260525120000441, 260525120000776, 'DELIVERED', '运输中转站', '调度中心', '系统模拟轨迹数据', current_timestamp);
insert into logistics_fee (id, order_id, base_fee, weight_fee, distance_fee, additional_fee, discount_fee, payable_fee, actual_fee, payment_status, create_time, update_time) values (260525120000780, 260525120000441, 120.00, 63.00, 80.00, 0.00, 0.00, 263.00, 0.00, 'UNPAID', current_timestamp, current_timestamp);
insert into logistics_order_tracking (id, order_no, tracking_status, location, description, operator_name, occurred_at, created_at) values (260525120000781, 'LO-DEMO-0043', 'DELIVERED', '运输中转站', '模拟订单跟踪记录', '系统', current_timestamp, current_timestamp);
insert into logistics_waybill (id, waybill_no, order_id, start_site, target_site, current_location, transport_status, create_time, update_time) values (260525120000782, 'WB-0044', 260525120000442, '始发网点', '目的网点', '运输中转站', 'EXCEPTION', current_timestamp, current_timestamp);
insert into logistics_dispatch (id, order_id, waybill_id, driver_id, vehicle_id, start_site, target_site, planned_departure_time, planned_arrival_time, dispatch_status, create_time, update_time) values (260525120000783, 260525120000442, 260525120000782, 260525120000222, 260525120000322, '始发网点', '目的网点', current_timestamp, current_timestamp, 'FINISHED', current_timestamp, current_timestamp);
insert into logistics_task (id, task_no, order_id, waybill_id, dispatch_id, driver_id, vehicle_id, task_status, proof_url, create_time, update_time) values (260525120000784, 'TASK-0044', 260525120000442, 260525120000782, 260525120000783, 260525120000222, 260525120000322, 'SIGNED', null, current_timestamp, current_timestamp);
insert into logistics_track (id, order_id, waybill_id, current_status, current_location, operator_name, operation_desc, operation_time) values (260525120000785, 260525120000442, 260525120000782, 'EXCEPTION', '运输中转站', '调度中心', '系统模拟轨迹数据', current_timestamp);
insert into logistics_fee (id, order_id, base_fee, weight_fee, distance_fee, additional_fee, discount_fee, payable_fee, actual_fee, payment_status, create_time, update_time) values (260525120000786, 260525120000442, 120.00, 64.00, 80.00, 0.00, 0.00, 264.00, 0.00, 'UNPAID', current_timestamp, current_timestamp);
insert into logistics_order_tracking (id, order_no, tracking_status, location, description, operator_name, occurred_at, created_at) values (260525120000787, 'LO-DEMO-0044', 'EXCEPTION', '运输中转站', '模拟订单跟踪记录', '系统', current_timestamp, current_timestamp);
insert into logistics_waybill (id, waybill_no, order_id, start_site, target_site, current_location, transport_status, create_time, update_time) values (260525120000788, 'WB-0045', 260525120000443, '始发网点', '目的网点', '运输中转站', 'WAIT_DISPATCH', current_timestamp, current_timestamp);
insert into logistics_dispatch (id, order_id, waybill_id, driver_id, vehicle_id, start_site, target_site, planned_departure_time, planned_arrival_time, dispatch_status, create_time, update_time) values (260525120000789, 260525120000443, 260525120000788, 260525120000223, 260525120000323, '始发网点', '目的网点', current_timestamp, current_timestamp, 'ASSIGNED', current_timestamp, current_timestamp);
insert into logistics_task (id, task_no, order_id, waybill_id, dispatch_id, driver_id, vehicle_id, task_status, proof_url, create_time, update_time) values (260525120000790, 'TASK-0045', 260525120000443, 260525120000788, 260525120000789, 260525120000223, 260525120000323, 'TRANSPORTING', null, current_timestamp, current_timestamp);
insert into logistics_track (id, order_id, waybill_id, current_status, current_location, operator_name, operation_desc, operation_time) values (260525120000791, 260525120000443, 260525120000788, 'WAIT_DISPATCH', '运输中转站', '调度中心', '系统模拟轨迹数据', current_timestamp);
insert into logistics_fee (id, order_id, base_fee, weight_fee, distance_fee, additional_fee, discount_fee, payable_fee, actual_fee, payment_status, create_time, update_time) values (260525120000792, 260525120000443, 120.00, 65.00, 80.00, 0.00, 0.00, 265.00, 265.00, 'PAID', current_timestamp, current_timestamp);
insert into logistics_order_tracking (id, order_no, tracking_status, location, description, operator_name, occurred_at, created_at) values (260525120000793, 'LO-DEMO-0045', 'WAIT_DISPATCH', '运输中转站', '模拟订单跟踪记录', '系统', current_timestamp, current_timestamp);
insert into logistics_waybill (id, waybill_no, order_id, start_site, target_site, current_location, transport_status, create_time, update_time) values (260525120000794, 'WB-0046', 260525120000444, '始发网点', '目的网点', '运输中转站', 'DISPATCHED', current_timestamp, current_timestamp);
insert into logistics_dispatch (id, order_id, waybill_id, driver_id, vehicle_id, start_site, target_site, planned_departure_time, planned_arrival_time, dispatch_status, create_time, update_time) values (260525120000795, 260525120000444, 260525120000794, 260525120000224, 260525120000324, '始发网点', '目的网点', current_timestamp, current_timestamp, 'ASSIGNED', current_timestamp, current_timestamp);
insert into logistics_task (id, task_no, order_id, waybill_id, dispatch_id, driver_id, vehicle_id, task_status, proof_url, create_time, update_time) values (260525120000796, 'TASK-0046', 260525120000444, 260525120000794, 260525120000795, 260525120000224, 260525120000324, 'TRANSPORTING', null, current_timestamp, current_timestamp);
insert into logistics_track (id, order_id, waybill_id, current_status, current_location, operator_name, operation_desc, operation_time) values (260525120000797, 260525120000444, 260525120000794, 'DISPATCHED', '运输中转站', '调度中心', '系统模拟轨迹数据', current_timestamp);
insert into logistics_fee (id, order_id, base_fee, weight_fee, distance_fee, additional_fee, discount_fee, payable_fee, actual_fee, payment_status, create_time, update_time) values (260525120000798, 260525120000444, 120.00, 66.00, 80.00, 0.00, 0.00, 266.00, 0.00, 'UNPAID', current_timestamp, current_timestamp);
insert into logistics_order_tracking (id, order_no, tracking_status, location, description, operator_name, occurred_at, created_at) values (260525120000799, 'LO-DEMO-0046', 'DISPATCHED', '运输中转站', '模拟订单跟踪记录', '系统', current_timestamp, current_timestamp);
insert into logistics_waybill (id, waybill_no, order_id, start_site, target_site, current_location, transport_status, create_time, update_time) values (260525120000800, 'WB-0047', 260525120000445, '始发网点', '目的网点', '运输中转站', 'IN_TRANSIT', current_timestamp, current_timestamp);
insert into logistics_dispatch (id, order_id, waybill_id, driver_id, vehicle_id, start_site, target_site, planned_departure_time, planned_arrival_time, dispatch_status, create_time, update_time) values (260525120000801, 260525120000445, 260525120000800, 260525120000225, 260525120000325, '始发网点', '目的网点', current_timestamp, current_timestamp, 'ASSIGNED', current_timestamp, current_timestamp);
insert into logistics_task (id, task_no, order_id, waybill_id, dispatch_id, driver_id, vehicle_id, task_status, proof_url, create_time, update_time) values (260525120000802, 'TASK-0047', 260525120000445, 260525120000800, 260525120000801, 260525120000225, 260525120000325, 'TRANSPORTING', null, current_timestamp, current_timestamp);
insert into logistics_track (id, order_id, waybill_id, current_status, current_location, operator_name, operation_desc, operation_time) values (260525120000803, 260525120000445, 260525120000800, 'IN_TRANSIT', '运输中转站', '调度中心', '系统模拟轨迹数据', current_timestamp);
insert into logistics_fee (id, order_id, base_fee, weight_fee, distance_fee, additional_fee, discount_fee, payable_fee, actual_fee, payment_status, create_time, update_time) values (260525120000804, 260525120000445, 120.00, 67.00, 80.00, 0.00, 0.00, 267.00, 0.00, 'UNPAID', current_timestamp, current_timestamp);
insert into logistics_order_tracking (id, order_no, tracking_status, location, description, operator_name, occurred_at, created_at) values (260525120000805, 'LO-DEMO-0047', 'IN_TRANSIT', '运输中转站', '模拟订单跟踪记录', '系统', current_timestamp, current_timestamp);
insert into logistics_waybill (id, waybill_no, order_id, start_site, target_site, current_location, transport_status, create_time, update_time) values (260525120000806, 'WB-0048', 260525120000446, '始发网点', '目的网点', '运输中转站', 'DELIVERED', current_timestamp, current_timestamp);
insert into logistics_dispatch (id, order_id, waybill_id, driver_id, vehicle_id, start_site, target_site, planned_departure_time, planned_arrival_time, dispatch_status, create_time, update_time) values (260525120000807, 260525120000446, 260525120000806, 260525120000226, 260525120000326, '始发网点', '目的网点', current_timestamp, current_timestamp, 'FINISHED', current_timestamp, current_timestamp);
insert into logistics_task (id, task_no, order_id, waybill_id, dispatch_id, driver_id, vehicle_id, task_status, proof_url, create_time, update_time) values (260525120000808, 'TASK-0048', 260525120000446, 260525120000806, 260525120000807, 260525120000226, 260525120000326, 'SIGNED', null, current_timestamp, current_timestamp);
insert into logistics_track (id, order_id, waybill_id, current_status, current_location, operator_name, operation_desc, operation_time) values (260525120000809, 260525120000446, 260525120000806, 'DELIVERED', '运输中转站', '调度中心', '系统模拟轨迹数据', current_timestamp);
insert into logistics_fee (id, order_id, base_fee, weight_fee, distance_fee, additional_fee, discount_fee, payable_fee, actual_fee, payment_status, create_time, update_time) values (260525120000810, 260525120000446, 120.00, 68.00, 80.00, 0.00, 0.00, 268.00, 268.00, 'PAID', current_timestamp, current_timestamp);
insert into logistics_order_tracking (id, order_no, tracking_status, location, description, operator_name, occurred_at, created_at) values (260525120000811, 'LO-DEMO-0048', 'DELIVERED', '运输中转站', '模拟订单跟踪记录', '系统', current_timestamp, current_timestamp);
insert into logistics_waybill (id, waybill_no, order_id, start_site, target_site, current_location, transport_status, create_time, update_time) values (260525120000812, 'WB-0049', 260525120000447, '始发网点', '目的网点', '运输中转站', 'EXCEPTION', current_timestamp, current_timestamp);
insert into logistics_dispatch (id, order_id, waybill_id, driver_id, vehicle_id, start_site, target_site, planned_departure_time, planned_arrival_time, dispatch_status, create_time, update_time) values (260525120000813, 260525120000447, 260525120000812, 260525120000227, 260525120000327, '始发网点', '目的网点', current_timestamp, current_timestamp, 'ASSIGNED', current_timestamp, current_timestamp);
insert into logistics_task (id, task_no, order_id, waybill_id, dispatch_id, driver_id, vehicle_id, task_status, proof_url, create_time, update_time) values (260525120000814, 'TASK-0049', 260525120000447, 260525120000812, 260525120000813, 260525120000227, 260525120000327, 'TRANSPORTING', null, current_timestamp, current_timestamp);
insert into logistics_track (id, order_id, waybill_id, current_status, current_location, operator_name, operation_desc, operation_time) values (260525120000815, 260525120000447, 260525120000812, 'EXCEPTION', '运输中转站', '调度中心', '系统模拟轨迹数据', current_timestamp);
insert into logistics_fee (id, order_id, base_fee, weight_fee, distance_fee, additional_fee, discount_fee, payable_fee, actual_fee, payment_status, create_time, update_time) values (260525120000816, 260525120000447, 120.00, 69.00, 80.00, 0.00, 0.00, 269.00, 0.00, 'UNPAID', current_timestamp, current_timestamp);
insert into logistics_order_tracking (id, order_no, tracking_status, location, description, operator_name, occurred_at, created_at) values (260525120000817, 'LO-DEMO-0049', 'EXCEPTION', '运输中转站', '模拟订单跟踪记录', '系统', current_timestamp, current_timestamp);
insert into logistics_waybill (id, waybill_no, order_id, start_site, target_site, current_location, transport_status, create_time, update_time) values (260525120000818, 'WB-0050', 260525120000448, '始发网点', '目的网点', '运输中转站', 'WAIT_DISPATCH', current_timestamp, current_timestamp);
insert into logistics_dispatch (id, order_id, waybill_id, driver_id, vehicle_id, start_site, target_site, planned_departure_time, planned_arrival_time, dispatch_status, create_time, update_time) values (260525120000819, 260525120000448, 260525120000818, 260525120000228, 260525120000328, '始发网点', '目的网点', current_timestamp, current_timestamp, 'ASSIGNED', current_timestamp, current_timestamp);
insert into logistics_task (id, task_no, order_id, waybill_id, dispatch_id, driver_id, vehicle_id, task_status, proof_url, create_time, update_time) values (260525120000820, 'TASK-0050', 260525120000448, 260525120000818, 260525120000819, 260525120000228, 260525120000328, 'TRANSPORTING', null, current_timestamp, current_timestamp);
insert into logistics_track (id, order_id, waybill_id, current_status, current_location, operator_name, operation_desc, operation_time) values (260525120000821, 260525120000448, 260525120000818, 'WAIT_DISPATCH', '运输中转站', '调度中心', '系统模拟轨迹数据', current_timestamp);
insert into logistics_fee (id, order_id, base_fee, weight_fee, distance_fee, additional_fee, discount_fee, payable_fee, actual_fee, payment_status, create_time, update_time) values (260525120000822, 260525120000448, 120.00, 70.00, 80.00, 0.00, 0.00, 270.00, 0.00, 'UNPAID', current_timestamp, current_timestamp);
insert into logistics_order_tracking (id, order_no, tracking_status, location, description, operator_name, occurred_at, created_at) values (260525120000823, 'LO-DEMO-0050', 'WAIT_DISPATCH', '运输中转站', '模拟订单跟踪记录', '系统', current_timestamp, current_timestamp);
insert into logistics_waybill (id, waybill_no, order_id, start_site, target_site, current_location, transport_status, create_time, update_time) values (260525120000824, 'WB-0051', 260525120000449, '始发网点', '目的网点', '运输中转站', 'DISPATCHED', current_timestamp, current_timestamp);
insert into logistics_dispatch (id, order_id, waybill_id, driver_id, vehicle_id, start_site, target_site, planned_departure_time, planned_arrival_time, dispatch_status, create_time, update_time) values (260525120000825, 260525120000449, 260525120000824, 260525120000229, 260525120000329, '始发网点', '目的网点', current_timestamp, current_timestamp, 'ASSIGNED', current_timestamp, current_timestamp);
insert into logistics_task (id, task_no, order_id, waybill_id, dispatch_id, driver_id, vehicle_id, task_status, proof_url, create_time, update_time) values (260525120000826, 'TASK-0051', 260525120000449, 260525120000824, 260525120000825, 260525120000229, 260525120000329, 'TRANSPORTING', null, current_timestamp, current_timestamp);
insert into logistics_track (id, order_id, waybill_id, current_status, current_location, operator_name, operation_desc, operation_time) values (260525120000827, 260525120000449, 260525120000824, 'DISPATCHED', '运输中转站', '调度中心', '系统模拟轨迹数据', current_timestamp);
insert into logistics_fee (id, order_id, base_fee, weight_fee, distance_fee, additional_fee, discount_fee, payable_fee, actual_fee, payment_status, create_time, update_time) values (260525120000828, 260525120000449, 120.00, 71.00, 80.00, 0.00, 0.00, 271.00, 271.00, 'PAID', current_timestamp, current_timestamp);
insert into logistics_order_tracking (id, order_no, tracking_status, location, description, operator_name, occurred_at, created_at) values (260525120000829, 'LO-DEMO-0051', 'DISPATCHED', '运输中转站', '模拟订单跟踪记录', '系统', current_timestamp, current_timestamp);
insert into logistics_waybill (id, waybill_no, order_id, start_site, target_site, current_location, transport_status, create_time, update_time) values (260525120000830, 'WB-0052', 260525120000450, '始发网点', '目的网点', '运输中转站', 'IN_TRANSIT', current_timestamp, current_timestamp);
insert into logistics_dispatch (id, order_id, waybill_id, driver_id, vehicle_id, start_site, target_site, planned_departure_time, planned_arrival_time, dispatch_status, create_time, update_time) values (260525120000831, 260525120000450, 260525120000830, 260525120000230, 260525120000330, '始发网点', '目的网点', current_timestamp, current_timestamp, 'FINISHED', current_timestamp, current_timestamp);
insert into logistics_task (id, task_no, order_id, waybill_id, dispatch_id, driver_id, vehicle_id, task_status, proof_url, create_time, update_time) values (260525120000832, 'TASK-0052', 260525120000450, 260525120000830, 260525120000831, 260525120000230, 260525120000330, 'SIGNED', null, current_timestamp, current_timestamp);
insert into logistics_track (id, order_id, waybill_id, current_status, current_location, operator_name, operation_desc, operation_time) values (260525120000833, 260525120000450, 260525120000830, 'IN_TRANSIT', '运输中转站', '调度中心', '系统模拟轨迹数据', current_timestamp);
insert into logistics_fee (id, order_id, base_fee, weight_fee, distance_fee, additional_fee, discount_fee, payable_fee, actual_fee, payment_status, create_time, update_time) values (260525120000834, 260525120000450, 120.00, 72.00, 80.00, 0.00, 0.00, 272.00, 0.00, 'UNPAID', current_timestamp, current_timestamp);
insert into logistics_order_tracking (id, order_no, tracking_status, location, description, operator_name, occurred_at, created_at) values (260525120000835, 'LO-DEMO-0052', 'IN_TRANSIT', '运输中转站', '模拟订单跟踪记录', '系统', current_timestamp, current_timestamp);
insert into logistics_waybill (id, waybill_no, order_id, start_site, target_site, current_location, transport_status, create_time, update_time) values (260525120000836, 'WB-0053', 260525120000451, '始发网点', '目的网点', '运输中转站', 'DELIVERED', current_timestamp, current_timestamp);
insert into logistics_dispatch (id, order_id, waybill_id, driver_id, vehicle_id, start_site, target_site, planned_departure_time, planned_arrival_time, dispatch_status, create_time, update_time) values (260525120000837, 260525120000451, 260525120000836, 260525120000231, 260525120000331, '始发网点', '目的网点', current_timestamp, current_timestamp, 'ASSIGNED', current_timestamp, current_timestamp);
insert into logistics_task (id, task_no, order_id, waybill_id, dispatch_id, driver_id, vehicle_id, task_status, proof_url, create_time, update_time) values (260525120000838, 'TASK-0053', 260525120000451, 260525120000836, 260525120000837, 260525120000231, 260525120000331, 'TRANSPORTING', null, current_timestamp, current_timestamp);
insert into logistics_track (id, order_id, waybill_id, current_status, current_location, operator_name, operation_desc, operation_time) values (260525120000839, 260525120000451, 260525120000836, 'DELIVERED', '运输中转站', '调度中心', '系统模拟轨迹数据', current_timestamp);
insert into logistics_fee (id, order_id, base_fee, weight_fee, distance_fee, additional_fee, discount_fee, payable_fee, actual_fee, payment_status, create_time, update_time) values (260525120000840, 260525120000451, 120.00, 73.00, 80.00, 0.00, 0.00, 273.00, 0.00, 'UNPAID', current_timestamp, current_timestamp);
insert into logistics_order_tracking (id, order_no, tracking_status, location, description, operator_name, occurred_at, created_at) values (260525120000841, 'LO-DEMO-0053', 'DELIVERED', '运输中转站', '模拟订单跟踪记录', '系统', current_timestamp, current_timestamp);
insert into logistics_waybill (id, waybill_no, order_id, start_site, target_site, current_location, transport_status, create_time, update_time) values (260525120000842, 'WB-0054', 260525120000452, '始发网点', '目的网点', '运输中转站', 'EXCEPTION', current_timestamp, current_timestamp);
insert into logistics_dispatch (id, order_id, waybill_id, driver_id, vehicle_id, start_site, target_site, planned_departure_time, planned_arrival_time, dispatch_status, create_time, update_time) values (260525120000843, 260525120000452, 260525120000842, 260525120000232, 260525120000332, '始发网点', '目的网点', current_timestamp, current_timestamp, 'ASSIGNED', current_timestamp, current_timestamp);
insert into logistics_task (id, task_no, order_id, waybill_id, dispatch_id, driver_id, vehicle_id, task_status, proof_url, create_time, update_time) values (260525120000844, 'TASK-0054', 260525120000452, 260525120000842, 260525120000843, 260525120000232, 260525120000332, 'TRANSPORTING', null, current_timestamp, current_timestamp);
insert into logistics_track (id, order_id, waybill_id, current_status, current_location, operator_name, operation_desc, operation_time) values (260525120000845, 260525120000452, 260525120000842, 'EXCEPTION', '运输中转站', '调度中心', '系统模拟轨迹数据', current_timestamp);
insert into logistics_fee (id, order_id, base_fee, weight_fee, distance_fee, additional_fee, discount_fee, payable_fee, actual_fee, payment_status, create_time, update_time) values (260525120000846, 260525120000452, 120.00, 74.00, 80.00, 0.00, 0.00, 274.00, 274.00, 'PAID', current_timestamp, current_timestamp);
insert into logistics_order_tracking (id, order_no, tracking_status, location, description, operator_name, occurred_at, created_at) values (260525120000847, 'LO-DEMO-0054', 'EXCEPTION', '运输中转站', '模拟订单跟踪记录', '系统', current_timestamp, current_timestamp);
insert into logistics_waybill (id, waybill_no, order_id, start_site, target_site, current_location, transport_status, create_time, update_time) values (260525120000848, 'WB-0055', 260525120000453, '始发网点', '目的网点', '运输中转站', 'WAIT_DISPATCH', current_timestamp, current_timestamp);
insert into logistics_dispatch (id, order_id, waybill_id, driver_id, vehicle_id, start_site, target_site, planned_departure_time, planned_arrival_time, dispatch_status, create_time, update_time) values (260525120000849, 260525120000453, 260525120000848, 260525120000233, 260525120000333, '始发网点', '目的网点', current_timestamp, current_timestamp, 'ASSIGNED', current_timestamp, current_timestamp);
insert into logistics_task (id, task_no, order_id, waybill_id, dispatch_id, driver_id, vehicle_id, task_status, proof_url, create_time, update_time) values (260525120000850, 'TASK-0055', 260525120000453, 260525120000848, 260525120000849, 260525120000233, 260525120000333, 'TRANSPORTING', null, current_timestamp, current_timestamp);
insert into logistics_track (id, order_id, waybill_id, current_status, current_location, operator_name, operation_desc, operation_time) values (260525120000851, 260525120000453, 260525120000848, 'WAIT_DISPATCH', '运输中转站', '调度中心', '系统模拟轨迹数据', current_timestamp);
insert into logistics_fee (id, order_id, base_fee, weight_fee, distance_fee, additional_fee, discount_fee, payable_fee, actual_fee, payment_status, create_time, update_time) values (260525120000852, 260525120000453, 120.00, 75.00, 80.00, 0.00, 0.00, 275.00, 0.00, 'UNPAID', current_timestamp, current_timestamp);
insert into logistics_order_tracking (id, order_no, tracking_status, location, description, operator_name, occurred_at, created_at) values (260525120000853, 'LO-DEMO-0055', 'WAIT_DISPATCH', '运输中转站', '模拟订单跟踪记录', '系统', current_timestamp, current_timestamp);
insert into logistics_waybill (id, waybill_no, order_id, start_site, target_site, current_location, transport_status, create_time, update_time) values (260525120000854, 'WB-0056', 260525120000454, '始发网点', '目的网点', '运输中转站', 'DISPATCHED', current_timestamp, current_timestamp);
insert into logistics_dispatch (id, order_id, waybill_id, driver_id, vehicle_id, start_site, target_site, planned_departure_time, planned_arrival_time, dispatch_status, create_time, update_time) values (260525120000855, 260525120000454, 260525120000854, 260525120000234, 260525120000334, '始发网点', '目的网点', current_timestamp, current_timestamp, 'FINISHED', current_timestamp, current_timestamp);
insert into logistics_task (id, task_no, order_id, waybill_id, dispatch_id, driver_id, vehicle_id, task_status, proof_url, create_time, update_time) values (260525120000856, 'TASK-0056', 260525120000454, 260525120000854, 260525120000855, 260525120000234, 260525120000334, 'SIGNED', null, current_timestamp, current_timestamp);
insert into logistics_track (id, order_id, waybill_id, current_status, current_location, operator_name, operation_desc, operation_time) values (260525120000857, 260525120000454, 260525120000854, 'DISPATCHED', '运输中转站', '调度中心', '系统模拟轨迹数据', current_timestamp);
insert into logistics_fee (id, order_id, base_fee, weight_fee, distance_fee, additional_fee, discount_fee, payable_fee, actual_fee, payment_status, create_time, update_time) values (260525120000858, 260525120000454, 120.00, 76.00, 80.00, 0.00, 0.00, 276.00, 0.00, 'UNPAID', current_timestamp, current_timestamp);
insert into logistics_order_tracking (id, order_no, tracking_status, location, description, operator_name, occurred_at, created_at) values (260525120000859, 'LO-DEMO-0056', 'DISPATCHED', '运输中转站', '模拟订单跟踪记录', '系统', current_timestamp, current_timestamp);
insert into logistics_waybill (id, waybill_no, order_id, start_site, target_site, current_location, transport_status, create_time, update_time) values (260525120000860, 'WB-0057', 260525120000455, '始发网点', '目的网点', '运输中转站', 'IN_TRANSIT', current_timestamp, current_timestamp);
insert into logistics_dispatch (id, order_id, waybill_id, driver_id, vehicle_id, start_site, target_site, planned_departure_time, planned_arrival_time, dispatch_status, create_time, update_time) values (260525120000861, 260525120000455, 260525120000860, 260525120000235, 260525120000335, '始发网点', '目的网点', current_timestamp, current_timestamp, 'ASSIGNED', current_timestamp, current_timestamp);
insert into logistics_task (id, task_no, order_id, waybill_id, dispatch_id, driver_id, vehicle_id, task_status, proof_url, create_time, update_time) values (260525120000862, 'TASK-0057', 260525120000455, 260525120000860, 260525120000861, 260525120000235, 260525120000335, 'TRANSPORTING', null, current_timestamp, current_timestamp);
insert into logistics_track (id, order_id, waybill_id, current_status, current_location, operator_name, operation_desc, operation_time) values (260525120000863, 260525120000455, 260525120000860, 'IN_TRANSIT', '运输中转站', '调度中心', '系统模拟轨迹数据', current_timestamp);
insert into logistics_fee (id, order_id, base_fee, weight_fee, distance_fee, additional_fee, discount_fee, payable_fee, actual_fee, payment_status, create_time, update_time) values (260525120000864, 260525120000455, 120.00, 77.00, 80.00, 0.00, 0.00, 277.00, 277.00, 'PAID', current_timestamp, current_timestamp);
insert into logistics_order_tracking (id, order_no, tracking_status, location, description, operator_name, occurred_at, created_at) values (260525120000865, 'LO-DEMO-0057', 'IN_TRANSIT', '运输中转站', '模拟订单跟踪记录', '系统', current_timestamp, current_timestamp);
insert into logistics_waybill (id, waybill_no, order_id, start_site, target_site, current_location, transport_status, create_time, update_time) values (260525120000866, 'WB-0058', 260525120000456, '始发网点', '目的网点', '运输中转站', 'DELIVERED', current_timestamp, current_timestamp);
insert into logistics_dispatch (id, order_id, waybill_id, driver_id, vehicle_id, start_site, target_site, planned_departure_time, planned_arrival_time, dispatch_status, create_time, update_time) values (260525120000867, 260525120000456, 260525120000866, 260525120000236, 260525120000336, '始发网点', '目的网点', current_timestamp, current_timestamp, 'ASSIGNED', current_timestamp, current_timestamp);
insert into logistics_task (id, task_no, order_id, waybill_id, dispatch_id, driver_id, vehicle_id, task_status, proof_url, create_time, update_time) values (260525120000868, 'TASK-0058', 260525120000456, 260525120000866, 260525120000867, 260525120000236, 260525120000336, 'TRANSPORTING', null, current_timestamp, current_timestamp);
insert into logistics_track (id, order_id, waybill_id, current_status, current_location, operator_name, operation_desc, operation_time) values (260525120000869, 260525120000456, 260525120000866, 'DELIVERED', '运输中转站', '调度中心', '系统模拟轨迹数据', current_timestamp);
insert into logistics_fee (id, order_id, base_fee, weight_fee, distance_fee, additional_fee, discount_fee, payable_fee, actual_fee, payment_status, create_time, update_time) values (260525120000870, 260525120000456, 120.00, 78.00, 80.00, 0.00, 0.00, 278.00, 0.00, 'UNPAID', current_timestamp, current_timestamp);
insert into logistics_order_tracking (id, order_no, tracking_status, location, description, operator_name, occurred_at, created_at) values (260525120000871, 'LO-DEMO-0058', 'DELIVERED', '运输中转站', '模拟订单跟踪记录', '系统', current_timestamp, current_timestamp);
insert into logistics_waybill (id, waybill_no, order_id, start_site, target_site, current_location, transport_status, create_time, update_time) values (260525120000872, 'WB-0059', 260525120000457, '始发网点', '目的网点', '运输中转站', 'EXCEPTION', current_timestamp, current_timestamp);
insert into logistics_dispatch (id, order_id, waybill_id, driver_id, vehicle_id, start_site, target_site, planned_departure_time, planned_arrival_time, dispatch_status, create_time, update_time) values (260525120000873, 260525120000457, 260525120000872, 260525120000237, 260525120000337, '始发网点', '目的网点', current_timestamp, current_timestamp, 'ASSIGNED', current_timestamp, current_timestamp);
insert into logistics_task (id, task_no, order_id, waybill_id, dispatch_id, driver_id, vehicle_id, task_status, proof_url, create_time, update_time) values (260525120000874, 'TASK-0059', 260525120000457, 260525120000872, 260525120000873, 260525120000237, 260525120000337, 'TRANSPORTING', null, current_timestamp, current_timestamp);
insert into logistics_track (id, order_id, waybill_id, current_status, current_location, operator_name, operation_desc, operation_time) values (260525120000875, 260525120000457, 260525120000872, 'EXCEPTION', '运输中转站', '调度中心', '系统模拟轨迹数据', current_timestamp);
insert into logistics_fee (id, order_id, base_fee, weight_fee, distance_fee, additional_fee, discount_fee, payable_fee, actual_fee, payment_status, create_time, update_time) values (260525120000876, 260525120000457, 120.00, 79.00, 80.00, 0.00, 0.00, 279.00, 0.00, 'UNPAID', current_timestamp, current_timestamp);
insert into logistics_order_tracking (id, order_no, tracking_status, location, description, operator_name, occurred_at, created_at) values (260525120000877, 'LO-DEMO-0059', 'EXCEPTION', '运输中转站', '模拟订单跟踪记录', '系统', current_timestamp, current_timestamp);
insert into logistics_waybill (id, waybill_no, order_id, start_site, target_site, current_location, transport_status, create_time, update_time) values (260525120000878, 'WB-0060', 260525120000458, '始发网点', '目的网点', '运输中转站', 'WAIT_DISPATCH', current_timestamp, current_timestamp);
insert into logistics_dispatch (id, order_id, waybill_id, driver_id, vehicle_id, start_site, target_site, planned_departure_time, planned_arrival_time, dispatch_status, create_time, update_time) values (260525120000879, 260525120000458, 260525120000878, 260525120000238, 260525120000338, '始发网点', '目的网点', current_timestamp, current_timestamp, 'FINISHED', current_timestamp, current_timestamp);
insert into logistics_task (id, task_no, order_id, waybill_id, dispatch_id, driver_id, vehicle_id, task_status, proof_url, create_time, update_time) values (260525120000880, 'TASK-0060', 260525120000458, 260525120000878, 260525120000879, 260525120000238, 260525120000338, 'SIGNED', null, current_timestamp, current_timestamp);
insert into logistics_track (id, order_id, waybill_id, current_status, current_location, operator_name, operation_desc, operation_time) values (260525120000881, 260525120000458, 260525120000878, 'WAIT_DISPATCH', '运输中转站', '调度中心', '系统模拟轨迹数据', current_timestamp);
insert into logistics_fee (id, order_id, base_fee, weight_fee, distance_fee, additional_fee, discount_fee, payable_fee, actual_fee, payment_status, create_time, update_time) values (260525120000882, 260525120000458, 120.00, 80.00, 80.00, 0.00, 0.00, 280.00, 280.00, 'PAID', current_timestamp, current_timestamp);
insert into logistics_order_tracking (id, order_no, tracking_status, location, description, operator_name, occurred_at, created_at) values (260525120000883, 'LO-DEMO-0060', 'WAIT_DISPATCH', '运输中转站', '模拟订单跟踪记录', '系统', current_timestamp, current_timestamp);
insert into logistics_waybill (id, waybill_no, order_id, start_site, target_site, current_location, transport_status, create_time, update_time) values (260525120000884, 'WB-0061', 260525120000459, '始发网点', '目的网点', '运输中转站', 'DISPATCHED', current_timestamp, current_timestamp);
insert into logistics_dispatch (id, order_id, waybill_id, driver_id, vehicle_id, start_site, target_site, planned_departure_time, planned_arrival_time, dispatch_status, create_time, update_time) values (260525120000885, 260525120000459, 260525120000884, 260525120000239, 260525120000339, '始发网点', '目的网点', current_timestamp, current_timestamp, 'ASSIGNED', current_timestamp, current_timestamp);
insert into logistics_task (id, task_no, order_id, waybill_id, dispatch_id, driver_id, vehicle_id, task_status, proof_url, create_time, update_time) values (260525120000886, 'TASK-0061', 260525120000459, 260525120000884, 260525120000885, 260525120000239, 260525120000339, 'TRANSPORTING', null, current_timestamp, current_timestamp);
insert into logistics_track (id, order_id, waybill_id, current_status, current_location, operator_name, operation_desc, operation_time) values (260525120000887, 260525120000459, 260525120000884, 'DISPATCHED', '运输中转站', '调度中心', '系统模拟轨迹数据', current_timestamp);
insert into logistics_fee (id, order_id, base_fee, weight_fee, distance_fee, additional_fee, discount_fee, payable_fee, actual_fee, payment_status, create_time, update_time) values (260525120000888, 260525120000459, 120.00, 81.00, 80.00, 0.00, 0.00, 281.00, 0.00, 'UNPAID', current_timestamp, current_timestamp);
insert into logistics_order_tracking (id, order_no, tracking_status, location, description, operator_name, occurred_at, created_at) values (260525120000889, 'LO-DEMO-0061', 'DISPATCHED', '运输中转站', '模拟订单跟踪记录', '系统', current_timestamp, current_timestamp);
insert into logistics_waybill (id, waybill_no, order_id, start_site, target_site, current_location, transport_status, create_time, update_time) values (260525120000890, 'WB-0062', 260525120000460, '始发网点', '目的网点', '运输中转站', 'IN_TRANSIT', current_timestamp, current_timestamp);
insert into logistics_dispatch (id, order_id, waybill_id, driver_id, vehicle_id, start_site, target_site, planned_departure_time, planned_arrival_time, dispatch_status, create_time, update_time) values (260525120000891, 260525120000460, 260525120000890, 260525120000240, 260525120000340, '始发网点', '目的网点', current_timestamp, current_timestamp, 'ASSIGNED', current_timestamp, current_timestamp);
insert into logistics_task (id, task_no, order_id, waybill_id, dispatch_id, driver_id, vehicle_id, task_status, proof_url, create_time, update_time) values (260525120000892, 'TASK-0062', 260525120000460, 260525120000890, 260525120000891, 260525120000240, 260525120000340, 'TRANSPORTING', null, current_timestamp, current_timestamp);
insert into logistics_track (id, order_id, waybill_id, current_status, current_location, operator_name, operation_desc, operation_time) values (260525120000893, 260525120000460, 260525120000890, 'IN_TRANSIT', '运输中转站', '调度中心', '系统模拟轨迹数据', current_timestamp);
insert into logistics_fee (id, order_id, base_fee, weight_fee, distance_fee, additional_fee, discount_fee, payable_fee, actual_fee, payment_status, create_time, update_time) values (260525120000894, 260525120000460, 120.00, 82.00, 80.00, 0.00, 0.00, 282.00, 0.00, 'UNPAID', current_timestamp, current_timestamp);
insert into logistics_order_tracking (id, order_no, tracking_status, location, description, operator_name, occurred_at, created_at) values (260525120000895, 'LO-DEMO-0062', 'IN_TRANSIT', '运输中转站', '模拟订单跟踪记录', '系统', current_timestamp, current_timestamp);
insert into logistics_waybill (id, waybill_no, order_id, start_site, target_site, current_location, transport_status, create_time, update_time) values (260525120000896, 'WB-0063', 260525120000461, '始发网点', '目的网点', '运输中转站', 'DELIVERED', current_timestamp, current_timestamp);
insert into logistics_dispatch (id, order_id, waybill_id, driver_id, vehicle_id, start_site, target_site, planned_departure_time, planned_arrival_time, dispatch_status, create_time, update_time) values (260525120000897, 260525120000461, 260525120000896, 260525120000241, 260525120000341, '始发网点', '目的网点', current_timestamp, current_timestamp, 'ASSIGNED', current_timestamp, current_timestamp);
insert into logistics_task (id, task_no, order_id, waybill_id, dispatch_id, driver_id, vehicle_id, task_status, proof_url, create_time, update_time) values (260525120000898, 'TASK-0063', 260525120000461, 260525120000896, 260525120000897, 260525120000241, 260525120000341, 'TRANSPORTING', null, current_timestamp, current_timestamp);
insert into logistics_track (id, order_id, waybill_id, current_status, current_location, operator_name, operation_desc, operation_time) values (260525120000899, 260525120000461, 260525120000896, 'DELIVERED', '运输中转站', '调度中心', '系统模拟轨迹数据', current_timestamp);
insert into logistics_fee (id, order_id, base_fee, weight_fee, distance_fee, additional_fee, discount_fee, payable_fee, actual_fee, payment_status, create_time, update_time) values (260525120000900, 260525120000461, 120.00, 83.00, 80.00, 0.00, 0.00, 283.00, 283.00, 'PAID', current_timestamp, current_timestamp);
insert into logistics_order_tracking (id, order_no, tracking_status, location, description, operator_name, occurred_at, created_at) values (260525120000901, 'LO-DEMO-0063', 'DELIVERED', '运输中转站', '模拟订单跟踪记录', '系统', current_timestamp, current_timestamp);
insert into logistics_waybill (id, waybill_no, order_id, start_site, target_site, current_location, transport_status, create_time, update_time) values (260525120000902, 'WB-0064', 260525120000462, '始发网点', '目的网点', '运输中转站', 'EXCEPTION', current_timestamp, current_timestamp);
insert into logistics_dispatch (id, order_id, waybill_id, driver_id, vehicle_id, start_site, target_site, planned_departure_time, planned_arrival_time, dispatch_status, create_time, update_time) values (260525120000903, 260525120000462, 260525120000902, 260525120000242, 260525120000342, '始发网点', '目的网点', current_timestamp, current_timestamp, 'FINISHED', current_timestamp, current_timestamp);
insert into logistics_task (id, task_no, order_id, waybill_id, dispatch_id, driver_id, vehicle_id, task_status, proof_url, create_time, update_time) values (260525120000904, 'TASK-0064', 260525120000462, 260525120000902, 260525120000903, 260525120000242, 260525120000342, 'SIGNED', null, current_timestamp, current_timestamp);
insert into logistics_track (id, order_id, waybill_id, current_status, current_location, operator_name, operation_desc, operation_time) values (260525120000905, 260525120000462, 260525120000902, 'EXCEPTION', '运输中转站', '调度中心', '系统模拟轨迹数据', current_timestamp);
insert into logistics_fee (id, order_id, base_fee, weight_fee, distance_fee, additional_fee, discount_fee, payable_fee, actual_fee, payment_status, create_time, update_time) values (260525120000906, 260525120000462, 120.00, 84.00, 80.00, 0.00, 0.00, 284.00, 0.00, 'UNPAID', current_timestamp, current_timestamp);
insert into logistics_order_tracking (id, order_no, tracking_status, location, description, operator_name, occurred_at, created_at) values (260525120000907, 'LO-DEMO-0064', 'EXCEPTION', '运输中转站', '模拟订单跟踪记录', '系统', current_timestamp, current_timestamp);
insert into logistics_waybill (id, waybill_no, order_id, start_site, target_site, current_location, transport_status, create_time, update_time) values (260525120000908, 'WB-0065', 260525120000463, '始发网点', '目的网点', '运输中转站', 'WAIT_DISPATCH', current_timestamp, current_timestamp);
insert into logistics_dispatch (id, order_id, waybill_id, driver_id, vehicle_id, start_site, target_site, planned_departure_time, planned_arrival_time, dispatch_status, create_time, update_time) values (260525120000909, 260525120000463, 260525120000908, 260525120000243, 260525120000343, '始发网点', '目的网点', current_timestamp, current_timestamp, 'ASSIGNED', current_timestamp, current_timestamp);
insert into logistics_task (id, task_no, order_id, waybill_id, dispatch_id, driver_id, vehicle_id, task_status, proof_url, create_time, update_time) values (260525120000910, 'TASK-0065', 260525120000463, 260525120000908, 260525120000909, 260525120000243, 260525120000343, 'TRANSPORTING', null, current_timestamp, current_timestamp);
insert into logistics_track (id, order_id, waybill_id, current_status, current_location, operator_name, operation_desc, operation_time) values (260525120000911, 260525120000463, 260525120000908, 'WAIT_DISPATCH', '运输中转站', '调度中心', '系统模拟轨迹数据', current_timestamp);
insert into logistics_fee (id, order_id, base_fee, weight_fee, distance_fee, additional_fee, discount_fee, payable_fee, actual_fee, payment_status, create_time, update_time) values (260525120000912, 260525120000463, 120.00, 85.00, 80.00, 0.00, 0.00, 285.00, 0.00, 'UNPAID', current_timestamp, current_timestamp);
insert into logistics_order_tracking (id, order_no, tracking_status, location, description, operator_name, occurred_at, created_at) values (260525120000913, 'LO-DEMO-0065', 'WAIT_DISPATCH', '运输中转站', '模拟订单跟踪记录', '系统', current_timestamp, current_timestamp);
insert into logistics_waybill (id, waybill_no, order_id, start_site, target_site, current_location, transport_status, create_time, update_time) values (260525120000914, 'WB-0066', 260525120000464, '始发网点', '目的网点', '运输中转站', 'DISPATCHED', current_timestamp, current_timestamp);
insert into logistics_dispatch (id, order_id, waybill_id, driver_id, vehicle_id, start_site, target_site, planned_departure_time, planned_arrival_time, dispatch_status, create_time, update_time) values (260525120000915, 260525120000464, 260525120000914, 260525120000244, 260525120000344, '始发网点', '目的网点', current_timestamp, current_timestamp, 'ASSIGNED', current_timestamp, current_timestamp);
insert into logistics_task (id, task_no, order_id, waybill_id, dispatch_id, driver_id, vehicle_id, task_status, proof_url, create_time, update_time) values (260525120000916, 'TASK-0066', 260525120000464, 260525120000914, 260525120000915, 260525120000244, 260525120000344, 'TRANSPORTING', null, current_timestamp, current_timestamp);
insert into logistics_track (id, order_id, waybill_id, current_status, current_location, operator_name, operation_desc, operation_time) values (260525120000917, 260525120000464, 260525120000914, 'DISPATCHED', '运输中转站', '调度中心', '系统模拟轨迹数据', current_timestamp);
insert into logistics_fee (id, order_id, base_fee, weight_fee, distance_fee, additional_fee, discount_fee, payable_fee, actual_fee, payment_status, create_time, update_time) values (260525120000918, 260525120000464, 120.00, 86.00, 80.00, 0.00, 0.00, 286.00, 286.00, 'PAID', current_timestamp, current_timestamp);
insert into logistics_order_tracking (id, order_no, tracking_status, location, description, operator_name, occurred_at, created_at) values (260525120000919, 'LO-DEMO-0066', 'DISPATCHED', '运输中转站', '模拟订单跟踪记录', '系统', current_timestamp, current_timestamp);
insert into logistics_waybill (id, waybill_no, order_id, start_site, target_site, current_location, transport_status, create_time, update_time) values (260525120000920, 'WB-0067', 260525120000465, '始发网点', '目的网点', '运输中转站', 'IN_TRANSIT', current_timestamp, current_timestamp);
insert into logistics_dispatch (id, order_id, waybill_id, driver_id, vehicle_id, start_site, target_site, planned_departure_time, planned_arrival_time, dispatch_status, create_time, update_time) values (260525120000921, 260525120000465, 260525120000920, 260525120000245, 260525120000345, '始发网点', '目的网点', current_timestamp, current_timestamp, 'ASSIGNED', current_timestamp, current_timestamp);
insert into logistics_task (id, task_no, order_id, waybill_id, dispatch_id, driver_id, vehicle_id, task_status, proof_url, create_time, update_time) values (260525120000922, 'TASK-0067', 260525120000465, 260525120000920, 260525120000921, 260525120000245, 260525120000345, 'TRANSPORTING', null, current_timestamp, current_timestamp);
insert into logistics_track (id, order_id, waybill_id, current_status, current_location, operator_name, operation_desc, operation_time) values (260525120000923, 260525120000465, 260525120000920, 'IN_TRANSIT', '运输中转站', '调度中心', '系统模拟轨迹数据', current_timestamp);
insert into logistics_fee (id, order_id, base_fee, weight_fee, distance_fee, additional_fee, discount_fee, payable_fee, actual_fee, payment_status, create_time, update_time) values (260525120000924, 260525120000465, 120.00, 87.00, 80.00, 0.00, 0.00, 287.00, 0.00, 'UNPAID', current_timestamp, current_timestamp);
insert into logistics_order_tracking (id, order_no, tracking_status, location, description, operator_name, occurred_at, created_at) values (260525120000925, 'LO-DEMO-0067', 'IN_TRANSIT', '运输中转站', '模拟订单跟踪记录', '系统', current_timestamp, current_timestamp);
insert into logistics_waybill (id, waybill_no, order_id, start_site, target_site, current_location, transport_status, create_time, update_time) values (260525120000926, 'WB-0068', 260525120000466, '始发网点', '目的网点', '运输中转站', 'DELIVERED', current_timestamp, current_timestamp);
insert into logistics_dispatch (id, order_id, waybill_id, driver_id, vehicle_id, start_site, target_site, planned_departure_time, planned_arrival_time, dispatch_status, create_time, update_time) values (260525120000927, 260525120000466, 260525120000926, 260525120000246, 260525120000346, '始发网点', '目的网点', current_timestamp, current_timestamp, 'FINISHED', current_timestamp, current_timestamp);
insert into logistics_task (id, task_no, order_id, waybill_id, dispatch_id, driver_id, vehicle_id, task_status, proof_url, create_time, update_time) values (260525120000928, 'TASK-0068', 260525120000466, 260525120000926, 260525120000927, 260525120000246, 260525120000346, 'SIGNED', null, current_timestamp, current_timestamp);
insert into logistics_track (id, order_id, waybill_id, current_status, current_location, operator_name, operation_desc, operation_time) values (260525120000929, 260525120000466, 260525120000926, 'DELIVERED', '运输中转站', '调度中心', '系统模拟轨迹数据', current_timestamp);
insert into logistics_fee (id, order_id, base_fee, weight_fee, distance_fee, additional_fee, discount_fee, payable_fee, actual_fee, payment_status, create_time, update_time) values (260525120000930, 260525120000466, 120.00, 88.00, 80.00, 0.00, 0.00, 288.00, 0.00, 'UNPAID', current_timestamp, current_timestamp);
insert into logistics_order_tracking (id, order_no, tracking_status, location, description, operator_name, occurred_at, created_at) values (260525120000931, 'LO-DEMO-0068', 'DELIVERED', '运输中转站', '模拟订单跟踪记录', '系统', current_timestamp, current_timestamp);
insert into logistics_waybill (id, waybill_no, order_id, start_site, target_site, current_location, transport_status, create_time, update_time) values (260525120000932, 'WB-0069', 260525120000467, '始发网点', '目的网点', '运输中转站', 'EXCEPTION', current_timestamp, current_timestamp);
insert into logistics_dispatch (id, order_id, waybill_id, driver_id, vehicle_id, start_site, target_site, planned_departure_time, planned_arrival_time, dispatch_status, create_time, update_time) values (260525120000933, 260525120000467, 260525120000932, 260525120000247, 260525120000347, '始发网点', '目的网点', current_timestamp, current_timestamp, 'ASSIGNED', current_timestamp, current_timestamp);
insert into logistics_task (id, task_no, order_id, waybill_id, dispatch_id, driver_id, vehicle_id, task_status, proof_url, create_time, update_time) values (260525120000934, 'TASK-0069', 260525120000467, 260525120000932, 260525120000933, 260525120000247, 260525120000347, 'TRANSPORTING', null, current_timestamp, current_timestamp);
insert into logistics_track (id, order_id, waybill_id, current_status, current_location, operator_name, operation_desc, operation_time) values (260525120000935, 260525120000467, 260525120000932, 'EXCEPTION', '运输中转站', '调度中心', '系统模拟轨迹数据', current_timestamp);
insert into logistics_fee (id, order_id, base_fee, weight_fee, distance_fee, additional_fee, discount_fee, payable_fee, actual_fee, payment_status, create_time, update_time) values (260525120000936, 260525120000467, 120.00, 89.00, 80.00, 0.00, 0.00, 289.00, 289.00, 'PAID', current_timestamp, current_timestamp);
insert into logistics_order_tracking (id, order_no, tracking_status, location, description, operator_name, occurred_at, created_at) values (260525120000937, 'LO-DEMO-0069', 'EXCEPTION', '运输中转站', '模拟订单跟踪记录', '系统', current_timestamp, current_timestamp);
insert into logistics_waybill (id, waybill_no, order_id, start_site, target_site, current_location, transport_status, create_time, update_time) values (260525120000938, 'WB-0070', 260525120000468, '始发网点', '目的网点', '运输中转站', 'WAIT_DISPATCH', current_timestamp, current_timestamp);
insert into logistics_dispatch (id, order_id, waybill_id, driver_id, vehicle_id, start_site, target_site, planned_departure_time, planned_arrival_time, dispatch_status, create_time, update_time) values (260525120000939, 260525120000468, 260525120000938, 260525120000248, 260525120000348, '始发网点', '目的网点', current_timestamp, current_timestamp, 'ASSIGNED', current_timestamp, current_timestamp);
insert into logistics_task (id, task_no, order_id, waybill_id, dispatch_id, driver_id, vehicle_id, task_status, proof_url, create_time, update_time) values (260525120000940, 'TASK-0070', 260525120000468, 260525120000938, 260525120000939, 260525120000248, 260525120000348, 'TRANSPORTING', null, current_timestamp, current_timestamp);
insert into logistics_track (id, order_id, waybill_id, current_status, current_location, operator_name, operation_desc, operation_time) values (260525120000941, 260525120000468, 260525120000938, 'WAIT_DISPATCH', '运输中转站', '调度中心', '系统模拟轨迹数据', current_timestamp);
insert into logistics_fee (id, order_id, base_fee, weight_fee, distance_fee, additional_fee, discount_fee, payable_fee, actual_fee, payment_status, create_time, update_time) values (260525120000942, 260525120000468, 120.00, 90.00, 80.00, 0.00, 0.00, 290.00, 0.00, 'UNPAID', current_timestamp, current_timestamp);
insert into logistics_order_tracking (id, order_no, tracking_status, location, description, operator_name, occurred_at, created_at) values (260525120000943, 'LO-DEMO-0070', 'WAIT_DISPATCH', '运输中转站', '模拟订单跟踪记录', '系统', current_timestamp, current_timestamp);
insert into logistics_waybill (id, waybill_no, order_id, start_site, target_site, current_location, transport_status, create_time, update_time) values (260525120000944, 'WB-0071', 260525120000469, '始发网点', '目的网点', '运输中转站', 'DISPATCHED', current_timestamp, current_timestamp);
insert into logistics_dispatch (id, order_id, waybill_id, driver_id, vehicle_id, start_site, target_site, planned_departure_time, planned_arrival_time, dispatch_status, create_time, update_time) values (260525120000945, 260525120000469, 260525120000944, 260525120000249, 260525120000349, '始发网点', '目的网点', current_timestamp, current_timestamp, 'ASSIGNED', current_timestamp, current_timestamp);
insert into logistics_task (id, task_no, order_id, waybill_id, dispatch_id, driver_id, vehicle_id, task_status, proof_url, create_time, update_time) values (260525120000946, 'TASK-0071', 260525120000469, 260525120000944, 260525120000945, 260525120000249, 260525120000349, 'TRANSPORTING', null, current_timestamp, current_timestamp);
insert into logistics_track (id, order_id, waybill_id, current_status, current_location, operator_name, operation_desc, operation_time) values (260525120000947, 260525120000469, 260525120000944, 'DISPATCHED', '运输中转站', '调度中心', '系统模拟轨迹数据', current_timestamp);
insert into logistics_fee (id, order_id, base_fee, weight_fee, distance_fee, additional_fee, discount_fee, payable_fee, actual_fee, payment_status, create_time, update_time) values (260525120000948, 260525120000469, 120.00, 91.00, 80.00, 0.00, 0.00, 291.00, 0.00, 'UNPAID', current_timestamp, current_timestamp);
insert into logistics_order_tracking (id, order_no, tracking_status, location, description, operator_name, occurred_at, created_at) values (260525120000949, 'LO-DEMO-0071', 'DISPATCHED', '运输中转站', '模拟订单跟踪记录', '系统', current_timestamp, current_timestamp);
insert into logistics_waybill (id, waybill_no, order_id, start_site, target_site, current_location, transport_status, create_time, update_time) values (260525120000950, 'WB-0072', 260525120000470, '始发网点', '目的网点', '运输中转站', 'IN_TRANSIT', current_timestamp, current_timestamp);
insert into logistics_dispatch (id, order_id, waybill_id, driver_id, vehicle_id, start_site, target_site, planned_departure_time, planned_arrival_time, dispatch_status, create_time, update_time) values (260525120000951, 260525120000470, 260525120000950, 260525120000250, 260525120000350, '始发网点', '目的网点', current_timestamp, current_timestamp, 'FINISHED', current_timestamp, current_timestamp);
insert into logistics_task (id, task_no, order_id, waybill_id, dispatch_id, driver_id, vehicle_id, task_status, proof_url, create_time, update_time) values (260525120000952, 'TASK-0072', 260525120000470, 260525120000950, 260525120000951, 260525120000250, 260525120000350, 'SIGNED', null, current_timestamp, current_timestamp);
insert into logistics_track (id, order_id, waybill_id, current_status, current_location, operator_name, operation_desc, operation_time) values (260525120000953, 260525120000470, 260525120000950, 'IN_TRANSIT', '运输中转站', '调度中心', '系统模拟轨迹数据', current_timestamp);
insert into logistics_fee (id, order_id, base_fee, weight_fee, distance_fee, additional_fee, discount_fee, payable_fee, actual_fee, payment_status, create_time, update_time) values (260525120000954, 260525120000470, 120.00, 92.00, 80.00, 0.00, 0.00, 292.00, 292.00, 'PAID', current_timestamp, current_timestamp);
insert into logistics_order_tracking (id, order_no, tracking_status, location, description, operator_name, occurred_at, created_at) values (260525120000955, 'LO-DEMO-0072', 'IN_TRANSIT', '运输中转站', '模拟订单跟踪记录', '系统', current_timestamp, current_timestamp);
insert into logistics_waybill (id, waybill_no, order_id, start_site, target_site, current_location, transport_status, create_time, update_time) values (260525120000956, 'WB-0073', 260525120000471, '始发网点', '目的网点', '运输中转站', 'DELIVERED', current_timestamp, current_timestamp);
insert into logistics_dispatch (id, order_id, waybill_id, driver_id, vehicle_id, start_site, target_site, planned_departure_time, planned_arrival_time, dispatch_status, create_time, update_time) values (260525120000957, 260525120000471, 260525120000956, 260525120000251, 260525120000351, '始发网点', '目的网点', current_timestamp, current_timestamp, 'ASSIGNED', current_timestamp, current_timestamp);
insert into logistics_task (id, task_no, order_id, waybill_id, dispatch_id, driver_id, vehicle_id, task_status, proof_url, create_time, update_time) values (260525120000958, 'TASK-0073', 260525120000471, 260525120000956, 260525120000957, 260525120000251, 260525120000351, 'TRANSPORTING', null, current_timestamp, current_timestamp);
insert into logistics_track (id, order_id, waybill_id, current_status, current_location, operator_name, operation_desc, operation_time) values (260525120000959, 260525120000471, 260525120000956, 'DELIVERED', '运输中转站', '调度中心', '系统模拟轨迹数据', current_timestamp);
insert into logistics_fee (id, order_id, base_fee, weight_fee, distance_fee, additional_fee, discount_fee, payable_fee, actual_fee, payment_status, create_time, update_time) values (260525120000960, 260525120000471, 120.00, 93.00, 80.00, 0.00, 0.00, 293.00, 0.00, 'UNPAID', current_timestamp, current_timestamp);
insert into logistics_order_tracking (id, order_no, tracking_status, location, description, operator_name, occurred_at, created_at) values (260525120000961, 'LO-DEMO-0073', 'DELIVERED', '运输中转站', '模拟订单跟踪记录', '系统', current_timestamp, current_timestamp);
insert into logistics_waybill (id, waybill_no, order_id, start_site, target_site, current_location, transport_status, create_time, update_time) values (260525120000962, 'WB-0074', 260525120000472, '始发网点', '目的网点', '运输中转站', 'EXCEPTION', current_timestamp, current_timestamp);
insert into logistics_dispatch (id, order_id, waybill_id, driver_id, vehicle_id, start_site, target_site, planned_departure_time, planned_arrival_time, dispatch_status, create_time, update_time) values (260525120000963, 260525120000472, 260525120000962, 260525120000252, 260525120000352, '始发网点', '目的网点', current_timestamp, current_timestamp, 'ASSIGNED', current_timestamp, current_timestamp);
insert into logistics_task (id, task_no, order_id, waybill_id, dispatch_id, driver_id, vehicle_id, task_status, proof_url, create_time, update_time) values (260525120000964, 'TASK-0074', 260525120000472, 260525120000962, 260525120000963, 260525120000252, 260525120000352, 'TRANSPORTING', null, current_timestamp, current_timestamp);
insert into logistics_track (id, order_id, waybill_id, current_status, current_location, operator_name, operation_desc, operation_time) values (260525120000965, 260525120000472, 260525120000962, 'EXCEPTION', '运输中转站', '调度中心', '系统模拟轨迹数据', current_timestamp);
insert into logistics_fee (id, order_id, base_fee, weight_fee, distance_fee, additional_fee, discount_fee, payable_fee, actual_fee, payment_status, create_time, update_time) values (260525120000966, 260525120000472, 120.00, 94.00, 80.00, 0.00, 0.00, 294.00, 0.00, 'UNPAID', current_timestamp, current_timestamp);
insert into logistics_order_tracking (id, order_no, tracking_status, location, description, operator_name, occurred_at, created_at) values (260525120000967, 'LO-DEMO-0074', 'EXCEPTION', '运输中转站', '模拟订单跟踪记录', '系统', current_timestamp, current_timestamp);
insert into logistics_waybill (id, waybill_no, order_id, start_site, target_site, current_location, transport_status, create_time, update_time) values (260525120000968, 'WB-0075', 260525120000473, '始发网点', '目的网点', '运输中转站', 'WAIT_DISPATCH', current_timestamp, current_timestamp);
insert into logistics_dispatch (id, order_id, waybill_id, driver_id, vehicle_id, start_site, target_site, planned_departure_time, planned_arrival_time, dispatch_status, create_time, update_time) values (260525120000969, 260525120000473, 260525120000968, 260525120000253, 260525120000353, '始发网点', '目的网点', current_timestamp, current_timestamp, 'ASSIGNED', current_timestamp, current_timestamp);
insert into logistics_task (id, task_no, order_id, waybill_id, dispatch_id, driver_id, vehicle_id, task_status, proof_url, create_time, update_time) values (260525120000970, 'TASK-0075', 260525120000473, 260525120000968, 260525120000969, 260525120000253, 260525120000353, 'TRANSPORTING', null, current_timestamp, current_timestamp);
insert into logistics_track (id, order_id, waybill_id, current_status, current_location, operator_name, operation_desc, operation_time) values (260525120000971, 260525120000473, 260525120000968, 'WAIT_DISPATCH', '运输中转站', '调度中心', '系统模拟轨迹数据', current_timestamp);
insert into logistics_fee (id, order_id, base_fee, weight_fee, distance_fee, additional_fee, discount_fee, payable_fee, actual_fee, payment_status, create_time, update_time) values (260525120000972, 260525120000473, 120.00, 95.00, 80.00, 0.00, 0.00, 295.00, 295.00, 'PAID', current_timestamp, current_timestamp);
insert into logistics_order_tracking (id, order_no, tracking_status, location, description, operator_name, occurred_at, created_at) values (260525120000973, 'LO-DEMO-0075', 'WAIT_DISPATCH', '运输中转站', '模拟订单跟踪记录', '系统', current_timestamp, current_timestamp);
insert into logistics_waybill (id, waybill_no, order_id, start_site, target_site, current_location, transport_status, create_time, update_time) values (260525120000974, 'WB-0076', 260525120000474, '始发网点', '目的网点', '运输中转站', 'DISPATCHED', current_timestamp, current_timestamp);
insert into logistics_dispatch (id, order_id, waybill_id, driver_id, vehicle_id, start_site, target_site, planned_departure_time, planned_arrival_time, dispatch_status, create_time, update_time) values (260525120000975, 260525120000474, 260525120000974, 260525120000254, 260525120000354, '始发网点', '目的网点', current_timestamp, current_timestamp, 'FINISHED', current_timestamp, current_timestamp);
insert into logistics_task (id, task_no, order_id, waybill_id, dispatch_id, driver_id, vehicle_id, task_status, proof_url, create_time, update_time) values (260525120000976, 'TASK-0076', 260525120000474, 260525120000974, 260525120000975, 260525120000254, 260525120000354, 'SIGNED', null, current_timestamp, current_timestamp);
insert into logistics_track (id, order_id, waybill_id, current_status, current_location, operator_name, operation_desc, operation_time) values (260525120000977, 260525120000474, 260525120000974, 'DISPATCHED', '运输中转站', '调度中心', '系统模拟轨迹数据', current_timestamp);
insert into logistics_fee (id, order_id, base_fee, weight_fee, distance_fee, additional_fee, discount_fee, payable_fee, actual_fee, payment_status, create_time, update_time) values (260525120000978, 260525120000474, 120.00, 96.00, 80.00, 0.00, 0.00, 296.00, 0.00, 'UNPAID', current_timestamp, current_timestamp);
insert into logistics_order_tracking (id, order_no, tracking_status, location, description, operator_name, occurred_at, created_at) values (260525120000979, 'LO-DEMO-0076', 'DISPATCHED', '运输中转站', '模拟订单跟踪记录', '系统', current_timestamp, current_timestamp);
insert into logistics_waybill (id, waybill_no, order_id, start_site, target_site, current_location, transport_status, create_time, update_time) values (260525120000980, 'WB-0077', 260525120000475, '始发网点', '目的网点', '运输中转站', 'IN_TRANSIT', current_timestamp, current_timestamp);
insert into logistics_dispatch (id, order_id, waybill_id, driver_id, vehicle_id, start_site, target_site, planned_departure_time, planned_arrival_time, dispatch_status, create_time, update_time) values (260525120000981, 260525120000475, 260525120000980, 260525120000255, 260525120000355, '始发网点', '目的网点', current_timestamp, current_timestamp, 'ASSIGNED', current_timestamp, current_timestamp);
insert into logistics_task (id, task_no, order_id, waybill_id, dispatch_id, driver_id, vehicle_id, task_status, proof_url, create_time, update_time) values (260525120000982, 'TASK-0077', 260525120000475, 260525120000980, 260525120000981, 260525120000255, 260525120000355, 'TRANSPORTING', null, current_timestamp, current_timestamp);
insert into logistics_track (id, order_id, waybill_id, current_status, current_location, operator_name, operation_desc, operation_time) values (260525120000983, 260525120000475, 260525120000980, 'IN_TRANSIT', '运输中转站', '调度中心', '系统模拟轨迹数据', current_timestamp);
insert into logistics_fee (id, order_id, base_fee, weight_fee, distance_fee, additional_fee, discount_fee, payable_fee, actual_fee, payment_status, create_time, update_time) values (260525120000984, 260525120000475, 120.00, 97.00, 80.00, 0.00, 0.00, 297.00, 0.00, 'UNPAID', current_timestamp, current_timestamp);
insert into logistics_order_tracking (id, order_no, tracking_status, location, description, operator_name, occurred_at, created_at) values (260525120000985, 'LO-DEMO-0077', 'IN_TRANSIT', '运输中转站', '模拟订单跟踪记录', '系统', current_timestamp, current_timestamp);
insert into logistics_waybill (id, waybill_no, order_id, start_site, target_site, current_location, transport_status, create_time, update_time) values (260525120000986, 'WB-0078', 260525120000476, '始发网点', '目的网点', '运输中转站', 'DELIVERED', current_timestamp, current_timestamp);
insert into logistics_dispatch (id, order_id, waybill_id, driver_id, vehicle_id, start_site, target_site, planned_departure_time, planned_arrival_time, dispatch_status, create_time, update_time) values (260525120000987, 260525120000476, 260525120000986, 260525120000256, 260525120000356, '始发网点', '目的网点', current_timestamp, current_timestamp, 'ASSIGNED', current_timestamp, current_timestamp);
insert into logistics_task (id, task_no, order_id, waybill_id, dispatch_id, driver_id, vehicle_id, task_status, proof_url, create_time, update_time) values (260525120000988, 'TASK-0078', 260525120000476, 260525120000986, 260525120000987, 260525120000256, 260525120000356, 'TRANSPORTING', null, current_timestamp, current_timestamp);
insert into logistics_track (id, order_id, waybill_id, current_status, current_location, operator_name, operation_desc, operation_time) values (260525120000989, 260525120000476, 260525120000986, 'DELIVERED', '运输中转站', '调度中心', '系统模拟轨迹数据', current_timestamp);
insert into logistics_fee (id, order_id, base_fee, weight_fee, distance_fee, additional_fee, discount_fee, payable_fee, actual_fee, payment_status, create_time, update_time) values (260525120000990, 260525120000476, 120.00, 98.00, 80.00, 0.00, 0.00, 298.00, 298.00, 'PAID', current_timestamp, current_timestamp);
insert into logistics_order_tracking (id, order_no, tracking_status, location, description, operator_name, occurred_at, created_at) values (260525120000991, 'LO-DEMO-0078', 'DELIVERED', '运输中转站', '模拟订单跟踪记录', '系统', current_timestamp, current_timestamp);
insert into logistics_waybill (id, waybill_no, order_id, start_site, target_site, current_location, transport_status, create_time, update_time) values (260525120000992, 'WB-0079', 260525120000477, '始发网点', '目的网点', '运输中转站', 'EXCEPTION', current_timestamp, current_timestamp);
insert into logistics_dispatch (id, order_id, waybill_id, driver_id, vehicle_id, start_site, target_site, planned_departure_time, planned_arrival_time, dispatch_status, create_time, update_time) values (260525120000993, 260525120000477, 260525120000992, 260525120000257, 260525120000357, '始发网点', '目的网点', current_timestamp, current_timestamp, 'ASSIGNED', current_timestamp, current_timestamp);
insert into logistics_task (id, task_no, order_id, waybill_id, dispatch_id, driver_id, vehicle_id, task_status, proof_url, create_time, update_time) values (260525120000994, 'TASK-0079', 260525120000477, 260525120000992, 260525120000993, 260525120000257, 260525120000357, 'TRANSPORTING', null, current_timestamp, current_timestamp);
insert into logistics_track (id, order_id, waybill_id, current_status, current_location, operator_name, operation_desc, operation_time) values (260525120000995, 260525120000477, 260525120000992, 'EXCEPTION', '运输中转站', '调度中心', '系统模拟轨迹数据', current_timestamp);
insert into logistics_fee (id, order_id, base_fee, weight_fee, distance_fee, additional_fee, discount_fee, payable_fee, actual_fee, payment_status, create_time, update_time) values (260525120000996, 260525120000477, 120.00, 99.00, 80.00, 0.00, 0.00, 299.00, 0.00, 'UNPAID', current_timestamp, current_timestamp);
insert into logistics_order_tracking (id, order_no, tracking_status, location, description, operator_name, occurred_at, created_at) values (260525120000997, 'LO-DEMO-0079', 'EXCEPTION', '运输中转站', '模拟订单跟踪记录', '系统', current_timestamp, current_timestamp);
insert into logistics_waybill (id, waybill_no, order_id, start_site, target_site, current_location, transport_status, create_time, update_time) values (260525120000998, 'WB-0080', 260525120000478, '始发网点', '目的网点', '运输中转站', 'WAIT_DISPATCH', current_timestamp, current_timestamp);
insert into logistics_dispatch (id, order_id, waybill_id, driver_id, vehicle_id, start_site, target_site, planned_departure_time, planned_arrival_time, dispatch_status, create_time, update_time) values (260525120000999, 260525120000478, 260525120000998, 260525120000258, 260525120000358, '始发网点', '目的网点', current_timestamp, current_timestamp, 'FINISHED', current_timestamp, current_timestamp);
insert into logistics_task (id, task_no, order_id, waybill_id, dispatch_id, driver_id, vehicle_id, task_status, proof_url, create_time, update_time) values (260525120001000, 'TASK-0080', 260525120000478, 260525120000998, 260525120000999, 260525120000258, 260525120000358, 'SIGNED', null, current_timestamp, current_timestamp);
insert into logistics_track (id, order_id, waybill_id, current_status, current_location, operator_name, operation_desc, operation_time) values (260525120001001, 260525120000478, 260525120000998, 'WAIT_DISPATCH', '运输中转站', '调度中心', '系统模拟轨迹数据', current_timestamp);
insert into logistics_fee (id, order_id, base_fee, weight_fee, distance_fee, additional_fee, discount_fee, payable_fee, actual_fee, payment_status, create_time, update_time) values (260525120001002, 260525120000478, 120.00, 100.00, 80.00, 0.00, 0.00, 300.00, 0.00, 'UNPAID', current_timestamp, current_timestamp);
insert into logistics_order_tracking (id, order_no, tracking_status, location, description, operator_name, occurred_at, created_at) values (260525120001003, 'LO-DEMO-0080', 'WAIT_DISPATCH', '运输中转站', '模拟订单跟踪记录', '系统', current_timestamp, current_timestamp);
insert into logistics_waybill (id, waybill_no, order_id, start_site, target_site, current_location, transport_status, create_time, update_time) values (260525120001004, 'WB-0081', 260525120000479, '始发网点', '目的网点', '运输中转站', 'DISPATCHED', current_timestamp, current_timestamp);
insert into logistics_dispatch (id, order_id, waybill_id, driver_id, vehicle_id, start_site, target_site, planned_departure_time, planned_arrival_time, dispatch_status, create_time, update_time) values (260525120001005, 260525120000479, 260525120001004, 260525120000259, 260525120000359, '始发网点', '目的网点', current_timestamp, current_timestamp, 'ASSIGNED', current_timestamp, current_timestamp);
insert into logistics_task (id, task_no, order_id, waybill_id, dispatch_id, driver_id, vehicle_id, task_status, proof_url, create_time, update_time) values (260525120001006, 'TASK-0081', 260525120000479, 260525120001004, 260525120001005, 260525120000259, 260525120000359, 'TRANSPORTING', null, current_timestamp, current_timestamp);
insert into logistics_track (id, order_id, waybill_id, current_status, current_location, operator_name, operation_desc, operation_time) values (260525120001007, 260525120000479, 260525120001004, 'DISPATCHED', '运输中转站', '调度中心', '系统模拟轨迹数据', current_timestamp);
insert into logistics_fee (id, order_id, base_fee, weight_fee, distance_fee, additional_fee, discount_fee, payable_fee, actual_fee, payment_status, create_time, update_time) values (260525120001008, 260525120000479, 120.00, 101.00, 80.00, 0.00, 0.00, 301.00, 301.00, 'PAID', current_timestamp, current_timestamp);
insert into logistics_order_tracking (id, order_no, tracking_status, location, description, operator_name, occurred_at, created_at) values (260525120001009, 'LO-DEMO-0081', 'DISPATCHED', '运输中转站', '模拟订单跟踪记录', '系统', current_timestamp, current_timestamp);
insert into logistics_waybill (id, waybill_no, order_id, start_site, target_site, current_location, transport_status, create_time, update_time) values (260525120001010, 'WB-0082', 260525120000480, '始发网点', '目的网点', '运输中转站', 'IN_TRANSIT', current_timestamp, current_timestamp);
insert into logistics_dispatch (id, order_id, waybill_id, driver_id, vehicle_id, start_site, target_site, planned_departure_time, planned_arrival_time, dispatch_status, create_time, update_time) values (260525120001011, 260525120000480, 260525120001010, 260525120000260, 260525120000360, '始发网点', '目的网点', current_timestamp, current_timestamp, 'ASSIGNED', current_timestamp, current_timestamp);
insert into logistics_task (id, task_no, order_id, waybill_id, dispatch_id, driver_id, vehicle_id, task_status, proof_url, create_time, update_time) values (260525120001012, 'TASK-0082', 260525120000480, 260525120001010, 260525120001011, 260525120000260, 260525120000360, 'TRANSPORTING', null, current_timestamp, current_timestamp);
insert into logistics_track (id, order_id, waybill_id, current_status, current_location, operator_name, operation_desc, operation_time) values (260525120001013, 260525120000480, 260525120001010, 'IN_TRANSIT', '运输中转站', '调度中心', '系统模拟轨迹数据', current_timestamp);
insert into logistics_fee (id, order_id, base_fee, weight_fee, distance_fee, additional_fee, discount_fee, payable_fee, actual_fee, payment_status, create_time, update_time) values (260525120001014, 260525120000480, 120.00, 102.00, 80.00, 0.00, 0.00, 302.00, 0.00, 'UNPAID', current_timestamp, current_timestamp);
insert into logistics_order_tracking (id, order_no, tracking_status, location, description, operator_name, occurred_at, created_at) values (260525120001015, 'LO-DEMO-0082', 'IN_TRANSIT', '运输中转站', '模拟订单跟踪记录', '系统', current_timestamp, current_timestamp);
insert into logistics_waybill (id, waybill_no, order_id, start_site, target_site, current_location, transport_status, create_time, update_time) values (260525120001016, 'WB-0083', 260525120000481, '始发网点', '目的网点', '运输中转站', 'DELIVERED', current_timestamp, current_timestamp);
insert into logistics_dispatch (id, order_id, waybill_id, driver_id, vehicle_id, start_site, target_site, planned_departure_time, planned_arrival_time, dispatch_status, create_time, update_time) values (260525120001017, 260525120000481, 260525120001016, 260525120000261, 260525120000361, '始发网点', '目的网点', current_timestamp, current_timestamp, 'ASSIGNED', current_timestamp, current_timestamp);
insert into logistics_task (id, task_no, order_id, waybill_id, dispatch_id, driver_id, vehicle_id, task_status, proof_url, create_time, update_time) values (260525120001018, 'TASK-0083', 260525120000481, 260525120001016, 260525120001017, 260525120000261, 260525120000361, 'TRANSPORTING', null, current_timestamp, current_timestamp);
insert into logistics_track (id, order_id, waybill_id, current_status, current_location, operator_name, operation_desc, operation_time) values (260525120001019, 260525120000481, 260525120001016, 'DELIVERED', '运输中转站', '调度中心', '系统模拟轨迹数据', current_timestamp);
insert into logistics_fee (id, order_id, base_fee, weight_fee, distance_fee, additional_fee, discount_fee, payable_fee, actual_fee, payment_status, create_time, update_time) values (260525120001020, 260525120000481, 120.00, 103.00, 80.00, 0.00, 0.00, 303.00, 0.00, 'UNPAID', current_timestamp, current_timestamp);
insert into logistics_order_tracking (id, order_no, tracking_status, location, description, operator_name, occurred_at, created_at) values (260525120001021, 'LO-DEMO-0083', 'DELIVERED', '运输中转站', '模拟订单跟踪记录', '系统', current_timestamp, current_timestamp);
insert into logistics_waybill (id, waybill_no, order_id, start_site, target_site, current_location, transport_status, create_time, update_time) values (260525120001022, 'WB-0084', 260525120000482, '始发网点', '目的网点', '运输中转站', 'EXCEPTION', current_timestamp, current_timestamp);
insert into logistics_dispatch (id, order_id, waybill_id, driver_id, vehicle_id, start_site, target_site, planned_departure_time, planned_arrival_time, dispatch_status, create_time, update_time) values (260525120001023, 260525120000482, 260525120001022, 260525120000262, 260525120000362, '始发网点', '目的网点', current_timestamp, current_timestamp, 'FINISHED', current_timestamp, current_timestamp);
insert into logistics_task (id, task_no, order_id, waybill_id, dispatch_id, driver_id, vehicle_id, task_status, proof_url, create_time, update_time) values (260525120001024, 'TASK-0084', 260525120000482, 260525120001022, 260525120001023, 260525120000262, 260525120000362, 'SIGNED', null, current_timestamp, current_timestamp);
insert into logistics_track (id, order_id, waybill_id, current_status, current_location, operator_name, operation_desc, operation_time) values (260525120001025, 260525120000482, 260525120001022, 'EXCEPTION', '运输中转站', '调度中心', '系统模拟轨迹数据', current_timestamp);
insert into logistics_fee (id, order_id, base_fee, weight_fee, distance_fee, additional_fee, discount_fee, payable_fee, actual_fee, payment_status, create_time, update_time) values (260525120001026, 260525120000482, 120.00, 104.00, 80.00, 0.00, 0.00, 304.00, 304.00, 'PAID', current_timestamp, current_timestamp);
insert into logistics_order_tracking (id, order_no, tracking_status, location, description, operator_name, occurred_at, created_at) values (260525120001027, 'LO-DEMO-0084', 'EXCEPTION', '运输中转站', '模拟订单跟踪记录', '系统', current_timestamp, current_timestamp);
insert into logistics_waybill (id, waybill_no, order_id, start_site, target_site, current_location, transport_status, create_time, update_time) values (260525120001028, 'WB-0085', 260525120000483, '始发网点', '目的网点', '运输中转站', 'WAIT_DISPATCH', current_timestamp, current_timestamp);
insert into logistics_dispatch (id, order_id, waybill_id, driver_id, vehicle_id, start_site, target_site, planned_departure_time, planned_arrival_time, dispatch_status, create_time, update_time) values (260525120001029, 260525120000483, 260525120001028, 260525120000263, 260525120000363, '始发网点', '目的网点', current_timestamp, current_timestamp, 'ASSIGNED', current_timestamp, current_timestamp);
insert into logistics_task (id, task_no, order_id, waybill_id, dispatch_id, driver_id, vehicle_id, task_status, proof_url, create_time, update_time) values (260525120001030, 'TASK-0085', 260525120000483, 260525120001028, 260525120001029, 260525120000263, 260525120000363, 'TRANSPORTING', null, current_timestamp, current_timestamp);
insert into logistics_track (id, order_id, waybill_id, current_status, current_location, operator_name, operation_desc, operation_time) values (260525120001031, 260525120000483, 260525120001028, 'WAIT_DISPATCH', '运输中转站', '调度中心', '系统模拟轨迹数据', current_timestamp);
insert into logistics_fee (id, order_id, base_fee, weight_fee, distance_fee, additional_fee, discount_fee, payable_fee, actual_fee, payment_status, create_time, update_time) values (260525120001032, 260525120000483, 120.00, 105.00, 80.00, 0.00, 0.00, 305.00, 0.00, 'UNPAID', current_timestamp, current_timestamp);
insert into logistics_order_tracking (id, order_no, tracking_status, location, description, operator_name, occurred_at, created_at) values (260525120001033, 'LO-DEMO-0085', 'WAIT_DISPATCH', '运输中转站', '模拟订单跟踪记录', '系统', current_timestamp, current_timestamp);
insert into logistics_waybill (id, waybill_no, order_id, start_site, target_site, current_location, transport_status, create_time, update_time) values (260525120001034, 'WB-0086', 260525120000484, '始发网点', '目的网点', '运输中转站', 'DISPATCHED', current_timestamp, current_timestamp);
insert into logistics_dispatch (id, order_id, waybill_id, driver_id, vehicle_id, start_site, target_site, planned_departure_time, planned_arrival_time, dispatch_status, create_time, update_time) values (260525120001035, 260525120000484, 260525120001034, 260525120000264, 260525120000364, '始发网点', '目的网点', current_timestamp, current_timestamp, 'ASSIGNED', current_timestamp, current_timestamp);
insert into logistics_task (id, task_no, order_id, waybill_id, dispatch_id, driver_id, vehicle_id, task_status, proof_url, create_time, update_time) values (260525120001036, 'TASK-0086', 260525120000484, 260525120001034, 260525120001035, 260525120000264, 260525120000364, 'TRANSPORTING', null, current_timestamp, current_timestamp);
insert into logistics_track (id, order_id, waybill_id, current_status, current_location, operator_name, operation_desc, operation_time) values (260525120001037, 260525120000484, 260525120001034, 'DISPATCHED', '运输中转站', '调度中心', '系统模拟轨迹数据', current_timestamp);
insert into logistics_fee (id, order_id, base_fee, weight_fee, distance_fee, additional_fee, discount_fee, payable_fee, actual_fee, payment_status, create_time, update_time) values (260525120001038, 260525120000484, 120.00, 106.00, 80.00, 0.00, 0.00, 306.00, 0.00, 'UNPAID', current_timestamp, current_timestamp);
insert into logistics_order_tracking (id, order_no, tracking_status, location, description, operator_name, occurred_at, created_at) values (260525120001039, 'LO-DEMO-0086', 'DISPATCHED', '运输中转站', '模拟订单跟踪记录', '系统', current_timestamp, current_timestamp);
insert into logistics_waybill (id, waybill_no, order_id, start_site, target_site, current_location, transport_status, create_time, update_time) values (260525120001040, 'WB-0087', 260525120000485, '始发网点', '目的网点', '运输中转站', 'IN_TRANSIT', current_timestamp, current_timestamp);
insert into logistics_dispatch (id, order_id, waybill_id, driver_id, vehicle_id, start_site, target_site, planned_departure_time, planned_arrival_time, dispatch_status, create_time, update_time) values (260525120001041, 260525120000485, 260525120001040, 260525120000265, 260525120000365, '始发网点', '目的网点', current_timestamp, current_timestamp, 'ASSIGNED', current_timestamp, current_timestamp);
insert into logistics_task (id, task_no, order_id, waybill_id, dispatch_id, driver_id, vehicle_id, task_status, proof_url, create_time, update_time) values (260525120001042, 'TASK-0087', 260525120000485, 260525120001040, 260525120001041, 260525120000265, 260525120000365, 'TRANSPORTING', null, current_timestamp, current_timestamp);
insert into logistics_track (id, order_id, waybill_id, current_status, current_location, operator_name, operation_desc, operation_time) values (260525120001043, 260525120000485, 260525120001040, 'IN_TRANSIT', '运输中转站', '调度中心', '系统模拟轨迹数据', current_timestamp);
insert into logistics_fee (id, order_id, base_fee, weight_fee, distance_fee, additional_fee, discount_fee, payable_fee, actual_fee, payment_status, create_time, update_time) values (260525120001044, 260525120000485, 120.00, 107.00, 80.00, 0.00, 0.00, 307.00, 307.00, 'PAID', current_timestamp, current_timestamp);
insert into logistics_order_tracking (id, order_no, tracking_status, location, description, operator_name, occurred_at, created_at) values (260525120001045, 'LO-DEMO-0087', 'IN_TRANSIT', '运输中转站', '模拟订单跟踪记录', '系统', current_timestamp, current_timestamp);
insert into logistics_waybill (id, waybill_no, order_id, start_site, target_site, current_location, transport_status, create_time, update_time) values (260525120001046, 'WB-0088', 260525120000486, '始发网点', '目的网点', '运输中转站', 'DELIVERED', current_timestamp, current_timestamp);
insert into logistics_dispatch (id, order_id, waybill_id, driver_id, vehicle_id, start_site, target_site, planned_departure_time, planned_arrival_time, dispatch_status, create_time, update_time) values (260525120001047, 260525120000486, 260525120001046, 260525120000266, 260525120000366, '始发网点', '目的网点', current_timestamp, current_timestamp, 'FINISHED', current_timestamp, current_timestamp);
insert into logistics_task (id, task_no, order_id, waybill_id, dispatch_id, driver_id, vehicle_id, task_status, proof_url, create_time, update_time) values (260525120001048, 'TASK-0088', 260525120000486, 260525120001046, 260525120001047, 260525120000266, 260525120000366, 'SIGNED', null, current_timestamp, current_timestamp);
insert into logistics_track (id, order_id, waybill_id, current_status, current_location, operator_name, operation_desc, operation_time) values (260525120001049, 260525120000486, 260525120001046, 'DELIVERED', '运输中转站', '调度中心', '系统模拟轨迹数据', current_timestamp);
insert into logistics_fee (id, order_id, base_fee, weight_fee, distance_fee, additional_fee, discount_fee, payable_fee, actual_fee, payment_status, create_time, update_time) values (260525120001050, 260525120000486, 120.00, 108.00, 80.00, 0.00, 0.00, 308.00, 0.00, 'UNPAID', current_timestamp, current_timestamp);
insert into logistics_order_tracking (id, order_no, tracking_status, location, description, operator_name, occurred_at, created_at) values (260525120001051, 'LO-DEMO-0088', 'DELIVERED', '运输中转站', '模拟订单跟踪记录', '系统', current_timestamp, current_timestamp);
insert into logistics_waybill (id, waybill_no, order_id, start_site, target_site, current_location, transport_status, create_time, update_time) values (260525120001052, 'WB-0089', 260525120000487, '始发网点', '目的网点', '运输中转站', 'EXCEPTION', current_timestamp, current_timestamp);
insert into logistics_dispatch (id, order_id, waybill_id, driver_id, vehicle_id, start_site, target_site, planned_departure_time, planned_arrival_time, dispatch_status, create_time, update_time) values (260525120001053, 260525120000487, 260525120001052, 260525120000267, 260525120000367, '始发网点', '目的网点', current_timestamp, current_timestamp, 'ASSIGNED', current_timestamp, current_timestamp);
insert into logistics_task (id, task_no, order_id, waybill_id, dispatch_id, driver_id, vehicle_id, task_status, proof_url, create_time, update_time) values (260525120001054, 'TASK-0089', 260525120000487, 260525120001052, 260525120001053, 260525120000267, 260525120000367, 'TRANSPORTING', null, current_timestamp, current_timestamp);
insert into logistics_track (id, order_id, waybill_id, current_status, current_location, operator_name, operation_desc, operation_time) values (260525120001055, 260525120000487, 260525120001052, 'EXCEPTION', '运输中转站', '调度中心', '系统模拟轨迹数据', current_timestamp);
insert into logistics_fee (id, order_id, base_fee, weight_fee, distance_fee, additional_fee, discount_fee, payable_fee, actual_fee, payment_status, create_time, update_time) values (260525120001056, 260525120000487, 120.00, 109.00, 80.00, 0.00, 0.00, 309.00, 0.00, 'UNPAID', current_timestamp, current_timestamp);
insert into logistics_order_tracking (id, order_no, tracking_status, location, description, operator_name, occurred_at, created_at) values (260525120001057, 'LO-DEMO-0089', 'EXCEPTION', '运输中转站', '模拟订单跟踪记录', '系统', current_timestamp, current_timestamp);
insert into logistics_waybill (id, waybill_no, order_id, start_site, target_site, current_location, transport_status, create_time, update_time) values (260525120001058, 'WB-0090', 260525120000488, '始发网点', '目的网点', '运输中转站', 'WAIT_DISPATCH', current_timestamp, current_timestamp);
insert into logistics_dispatch (id, order_id, waybill_id, driver_id, vehicle_id, start_site, target_site, planned_departure_time, planned_arrival_time, dispatch_status, create_time, update_time) values (260525120001059, 260525120000488, 260525120001058, 260525120000268, 260525120000368, '始发网点', '目的网点', current_timestamp, current_timestamp, 'ASSIGNED', current_timestamp, current_timestamp);
insert into logistics_task (id, task_no, order_id, waybill_id, dispatch_id, driver_id, vehicle_id, task_status, proof_url, create_time, update_time) values (260525120001060, 'TASK-0090', 260525120000488, 260525120001058, 260525120001059, 260525120000268, 260525120000368, 'TRANSPORTING', null, current_timestamp, current_timestamp);
insert into logistics_track (id, order_id, waybill_id, current_status, current_location, operator_name, operation_desc, operation_time) values (260525120001061, 260525120000488, 260525120001058, 'WAIT_DISPATCH', '运输中转站', '调度中心', '系统模拟轨迹数据', current_timestamp);
insert into logistics_fee (id, order_id, base_fee, weight_fee, distance_fee, additional_fee, discount_fee, payable_fee, actual_fee, payment_status, create_time, update_time) values (260525120001062, 260525120000488, 120.00, 110.00, 80.00, 0.00, 0.00, 310.00, 310.00, 'PAID', current_timestamp, current_timestamp);
insert into logistics_order_tracking (id, order_no, tracking_status, location, description, operator_name, occurred_at, created_at) values (260525120001063, 'LO-DEMO-0090', 'WAIT_DISPATCH', '运输中转站', '模拟订单跟踪记录', '系统', current_timestamp, current_timestamp);
insert into logistics_waybill (id, waybill_no, order_id, start_site, target_site, current_location, transport_status, create_time, update_time) values (260525120001064, 'WB-0091', 260525120000489, '始发网点', '目的网点', '运输中转站', 'DISPATCHED', current_timestamp, current_timestamp);
insert into logistics_dispatch (id, order_id, waybill_id, driver_id, vehicle_id, start_site, target_site, planned_departure_time, planned_arrival_time, dispatch_status, create_time, update_time) values (260525120001065, 260525120000489, 260525120001064, 260525120000269, 260525120000369, '始发网点', '目的网点', current_timestamp, current_timestamp, 'ASSIGNED', current_timestamp, current_timestamp);
insert into logistics_task (id, task_no, order_id, waybill_id, dispatch_id, driver_id, vehicle_id, task_status, proof_url, create_time, update_time) values (260525120001066, 'TASK-0091', 260525120000489, 260525120001064, 260525120001065, 260525120000269, 260525120000369, 'TRANSPORTING', null, current_timestamp, current_timestamp);
insert into logistics_track (id, order_id, waybill_id, current_status, current_location, operator_name, operation_desc, operation_time) values (260525120001067, 260525120000489, 260525120001064, 'DISPATCHED', '运输中转站', '调度中心', '系统模拟轨迹数据', current_timestamp);
insert into logistics_fee (id, order_id, base_fee, weight_fee, distance_fee, additional_fee, discount_fee, payable_fee, actual_fee, payment_status, create_time, update_time) values (260525120001068, 260525120000489, 120.00, 111.00, 80.00, 0.00, 0.00, 311.00, 0.00, 'UNPAID', current_timestamp, current_timestamp);
insert into logistics_order_tracking (id, order_no, tracking_status, location, description, operator_name, occurred_at, created_at) values (260525120001069, 'LO-DEMO-0091', 'DISPATCHED', '运输中转站', '模拟订单跟踪记录', '系统', current_timestamp, current_timestamp);
insert into logistics_waybill (id, waybill_no, order_id, start_site, target_site, current_location, transport_status, create_time, update_time) values (260525120001070, 'WB-0092', 260525120000490, '始发网点', '目的网点', '运输中转站', 'IN_TRANSIT', current_timestamp, current_timestamp);
insert into logistics_dispatch (id, order_id, waybill_id, driver_id, vehicle_id, start_site, target_site, planned_departure_time, planned_arrival_time, dispatch_status, create_time, update_time) values (260525120001071, 260525120000490, 260525120001070, 260525120000270, 260525120000370, '始发网点', '目的网点', current_timestamp, current_timestamp, 'FINISHED', current_timestamp, current_timestamp);
insert into logistics_task (id, task_no, order_id, waybill_id, dispatch_id, driver_id, vehicle_id, task_status, proof_url, create_time, update_time) values (260525120001072, 'TASK-0092', 260525120000490, 260525120001070, 260525120001071, 260525120000270, 260525120000370, 'SIGNED', null, current_timestamp, current_timestamp);
insert into logistics_track (id, order_id, waybill_id, current_status, current_location, operator_name, operation_desc, operation_time) values (260525120001073, 260525120000490, 260525120001070, 'IN_TRANSIT', '运输中转站', '调度中心', '系统模拟轨迹数据', current_timestamp);
insert into logistics_fee (id, order_id, base_fee, weight_fee, distance_fee, additional_fee, discount_fee, payable_fee, actual_fee, payment_status, create_time, update_time) values (260525120001074, 260525120000490, 120.00, 112.00, 80.00, 0.00, 0.00, 312.00, 0.00, 'UNPAID', current_timestamp, current_timestamp);
insert into logistics_order_tracking (id, order_no, tracking_status, location, description, operator_name, occurred_at, created_at) values (260525120001075, 'LO-DEMO-0092', 'IN_TRANSIT', '运输中转站', '模拟订单跟踪记录', '系统', current_timestamp, current_timestamp);
insert into logistics_waybill (id, waybill_no, order_id, start_site, target_site, current_location, transport_status, create_time, update_time) values (260525120001076, 'WB-0093', 260525120000491, '始发网点', '目的网点', '运输中转站', 'DELIVERED', current_timestamp, current_timestamp);
insert into logistics_dispatch (id, order_id, waybill_id, driver_id, vehicle_id, start_site, target_site, planned_departure_time, planned_arrival_time, dispatch_status, create_time, update_time) values (260525120001077, 260525120000491, 260525120001076, 260525120000271, 260525120000371, '始发网点', '目的网点', current_timestamp, current_timestamp, 'ASSIGNED', current_timestamp, current_timestamp);
insert into logistics_task (id, task_no, order_id, waybill_id, dispatch_id, driver_id, vehicle_id, task_status, proof_url, create_time, update_time) values (260525120001078, 'TASK-0093', 260525120000491, 260525120001076, 260525120001077, 260525120000271, 260525120000371, 'TRANSPORTING', null, current_timestamp, current_timestamp);
insert into logistics_track (id, order_id, waybill_id, current_status, current_location, operator_name, operation_desc, operation_time) values (260525120001079, 260525120000491, 260525120001076, 'DELIVERED', '运输中转站', '调度中心', '系统模拟轨迹数据', current_timestamp);
insert into logistics_fee (id, order_id, base_fee, weight_fee, distance_fee, additional_fee, discount_fee, payable_fee, actual_fee, payment_status, create_time, update_time) values (260525120001080, 260525120000491, 120.00, 113.00, 80.00, 0.00, 0.00, 313.00, 313.00, 'PAID', current_timestamp, current_timestamp);
insert into logistics_order_tracking (id, order_no, tracking_status, location, description, operator_name, occurred_at, created_at) values (260525120001081, 'LO-DEMO-0093', 'DELIVERED', '运输中转站', '模拟订单跟踪记录', '系统', current_timestamp, current_timestamp);
insert into logistics_waybill (id, waybill_no, order_id, start_site, target_site, current_location, transport_status, create_time, update_time) values (260525120001082, 'WB-0094', 260525120000492, '始发网点', '目的网点', '运输中转站', 'EXCEPTION', current_timestamp, current_timestamp);
insert into logistics_dispatch (id, order_id, waybill_id, driver_id, vehicle_id, start_site, target_site, planned_departure_time, planned_arrival_time, dispatch_status, create_time, update_time) values (260525120001083, 260525120000492, 260525120001082, 260525120000272, 260525120000372, '始发网点', '目的网点', current_timestamp, current_timestamp, 'ASSIGNED', current_timestamp, current_timestamp);
insert into logistics_task (id, task_no, order_id, waybill_id, dispatch_id, driver_id, vehicle_id, task_status, proof_url, create_time, update_time) values (260525120001084, 'TASK-0094', 260525120000492, 260525120001082, 260525120001083, 260525120000272, 260525120000372, 'TRANSPORTING', null, current_timestamp, current_timestamp);
insert into logistics_track (id, order_id, waybill_id, current_status, current_location, operator_name, operation_desc, operation_time) values (260525120001085, 260525120000492, 260525120001082, 'EXCEPTION', '运输中转站', '调度中心', '系统模拟轨迹数据', current_timestamp);
insert into logistics_fee (id, order_id, base_fee, weight_fee, distance_fee, additional_fee, discount_fee, payable_fee, actual_fee, payment_status, create_time, update_time) values (260525120001086, 260525120000492, 120.00, 114.00, 80.00, 0.00, 0.00, 314.00, 0.00, 'UNPAID', current_timestamp, current_timestamp);
insert into logistics_order_tracking (id, order_no, tracking_status, location, description, operator_name, occurred_at, created_at) values (260525120001087, 'LO-DEMO-0094', 'EXCEPTION', '运输中转站', '模拟订单跟踪记录', '系统', current_timestamp, current_timestamp);
insert into logistics_waybill (id, waybill_no, order_id, start_site, target_site, current_location, transport_status, create_time, update_time) values (260525120001088, 'WB-0095', 260525120000493, '始发网点', '目的网点', '运输中转站', 'WAIT_DISPATCH', current_timestamp, current_timestamp);
insert into logistics_dispatch (id, order_id, waybill_id, driver_id, vehicle_id, start_site, target_site, planned_departure_time, planned_arrival_time, dispatch_status, create_time, update_time) values (260525120001089, 260525120000493, 260525120001088, 260525120000273, 260525120000373, '始发网点', '目的网点', current_timestamp, current_timestamp, 'ASSIGNED', current_timestamp, current_timestamp);
insert into logistics_task (id, task_no, order_id, waybill_id, dispatch_id, driver_id, vehicle_id, task_status, proof_url, create_time, update_time) values (260525120001090, 'TASK-0095', 260525120000493, 260525120001088, 260525120001089, 260525120000273, 260525120000373, 'TRANSPORTING', null, current_timestamp, current_timestamp);
insert into logistics_track (id, order_id, waybill_id, current_status, current_location, operator_name, operation_desc, operation_time) values (260525120001091, 260525120000493, 260525120001088, 'WAIT_DISPATCH', '运输中转站', '调度中心', '系统模拟轨迹数据', current_timestamp);
insert into logistics_fee (id, order_id, base_fee, weight_fee, distance_fee, additional_fee, discount_fee, payable_fee, actual_fee, payment_status, create_time, update_time) values (260525120001092, 260525120000493, 120.00, 115.00, 80.00, 0.00, 0.00, 315.00, 0.00, 'UNPAID', current_timestamp, current_timestamp);
insert into logistics_order_tracking (id, order_no, tracking_status, location, description, operator_name, occurred_at, created_at) values (260525120001093, 'LO-DEMO-0095', 'WAIT_DISPATCH', '运输中转站', '模拟订单跟踪记录', '系统', current_timestamp, current_timestamp);
insert into logistics_waybill (id, waybill_no, order_id, start_site, target_site, current_location, transport_status, create_time, update_time) values (260525120001094, 'WB-0096', 260525120000494, '始发网点', '目的网点', '运输中转站', 'DISPATCHED', current_timestamp, current_timestamp);
insert into logistics_dispatch (id, order_id, waybill_id, driver_id, vehicle_id, start_site, target_site, planned_departure_time, planned_arrival_time, dispatch_status, create_time, update_time) values (260525120001095, 260525120000494, 260525120001094, 260525120000274, 260525120000374, '始发网点', '目的网点', current_timestamp, current_timestamp, 'FINISHED', current_timestamp, current_timestamp);
insert into logistics_task (id, task_no, order_id, waybill_id, dispatch_id, driver_id, vehicle_id, task_status, proof_url, create_time, update_time) values (260525120001096, 'TASK-0096', 260525120000494, 260525120001094, 260525120001095, 260525120000274, 260525120000374, 'SIGNED', null, current_timestamp, current_timestamp);
insert into logistics_track (id, order_id, waybill_id, current_status, current_location, operator_name, operation_desc, operation_time) values (260525120001097, 260525120000494, 260525120001094, 'DISPATCHED', '运输中转站', '调度中心', '系统模拟轨迹数据', current_timestamp);
insert into logistics_fee (id, order_id, base_fee, weight_fee, distance_fee, additional_fee, discount_fee, payable_fee, actual_fee, payment_status, create_time, update_time) values (260525120001098, 260525120000494, 120.00, 116.00, 80.00, 0.00, 0.00, 316.00, 316.00, 'PAID', current_timestamp, current_timestamp);
insert into logistics_order_tracking (id, order_no, tracking_status, location, description, operator_name, occurred_at, created_at) values (260525120001099, 'LO-DEMO-0096', 'DISPATCHED', '运输中转站', '模拟订单跟踪记录', '系统', current_timestamp, current_timestamp);
insert into logistics_waybill (id, waybill_no, order_id, start_site, target_site, current_location, transport_status, create_time, update_time) values (260525120001100, 'WB-0097', 260525120000495, '始发网点', '目的网点', '运输中转站', 'IN_TRANSIT', current_timestamp, current_timestamp);
insert into logistics_dispatch (id, order_id, waybill_id, driver_id, vehicle_id, start_site, target_site, planned_departure_time, planned_arrival_time, dispatch_status, create_time, update_time) values (260525120001101, 260525120000495, 260525120001100, 260525120000275, 260525120000375, '始发网点', '目的网点', current_timestamp, current_timestamp, 'ASSIGNED', current_timestamp, current_timestamp);
insert into logistics_task (id, task_no, order_id, waybill_id, dispatch_id, driver_id, vehicle_id, task_status, proof_url, create_time, update_time) values (260525120001102, 'TASK-0097', 260525120000495, 260525120001100, 260525120001101, 260525120000275, 260525120000375, 'TRANSPORTING', null, current_timestamp, current_timestamp);
insert into logistics_track (id, order_id, waybill_id, current_status, current_location, operator_name, operation_desc, operation_time) values (260525120001103, 260525120000495, 260525120001100, 'IN_TRANSIT', '运输中转站', '调度中心', '系统模拟轨迹数据', current_timestamp);
insert into logistics_fee (id, order_id, base_fee, weight_fee, distance_fee, additional_fee, discount_fee, payable_fee, actual_fee, payment_status, create_time, update_time) values (260525120001104, 260525120000495, 120.00, 117.00, 80.00, 0.00, 0.00, 317.00, 0.00, 'UNPAID', current_timestamp, current_timestamp);
insert into logistics_order_tracking (id, order_no, tracking_status, location, description, operator_name, occurred_at, created_at) values (260525120001105, 'LO-DEMO-0097', 'IN_TRANSIT', '运输中转站', '模拟订单跟踪记录', '系统', current_timestamp, current_timestamp);
insert into logistics_waybill (id, waybill_no, order_id, start_site, target_site, current_location, transport_status, create_time, update_time) values (260525120001106, 'WB-0098', 260525120000496, '始发网点', '目的网点', '运输中转站', 'DELIVERED', current_timestamp, current_timestamp);
insert into logistics_dispatch (id, order_id, waybill_id, driver_id, vehicle_id, start_site, target_site, planned_departure_time, planned_arrival_time, dispatch_status, create_time, update_time) values (260525120001107, 260525120000496, 260525120001106, 260525120000276, 260525120000376, '始发网点', '目的网点', current_timestamp, current_timestamp, 'ASSIGNED', current_timestamp, current_timestamp);
insert into logistics_task (id, task_no, order_id, waybill_id, dispatch_id, driver_id, vehicle_id, task_status, proof_url, create_time, update_time) values (260525120001108, 'TASK-0098', 260525120000496, 260525120001106, 260525120001107, 260525120000276, 260525120000376, 'TRANSPORTING', null, current_timestamp, current_timestamp);
insert into logistics_track (id, order_id, waybill_id, current_status, current_location, operator_name, operation_desc, operation_time) values (260525120001109, 260525120000496, 260525120001106, 'DELIVERED', '运输中转站', '调度中心', '系统模拟轨迹数据', current_timestamp);
insert into logistics_fee (id, order_id, base_fee, weight_fee, distance_fee, additional_fee, discount_fee, payable_fee, actual_fee, payment_status, create_time, update_time) values (260525120001110, 260525120000496, 120.00, 118.00, 80.00, 0.00, 0.00, 318.00, 0.00, 'UNPAID', current_timestamp, current_timestamp);
insert into logistics_order_tracking (id, order_no, tracking_status, location, description, operator_name, occurred_at, created_at) values (260525120001111, 'LO-DEMO-0098', 'DELIVERED', '运输中转站', '模拟订单跟踪记录', '系统', current_timestamp, current_timestamp);
insert into logistics_waybill (id, waybill_no, order_id, start_site, target_site, current_location, transport_status, create_time, update_time) values (260525120001112, 'WB-0099', 260525120000497, '始发网点', '目的网点', '运输中转站', 'EXCEPTION', current_timestamp, current_timestamp);
insert into logistics_dispatch (id, order_id, waybill_id, driver_id, vehicle_id, start_site, target_site, planned_departure_time, planned_arrival_time, dispatch_status, create_time, update_time) values (260525120001113, 260525120000497, 260525120001112, 260525120000277, 260525120000377, '始发网点', '目的网点', current_timestamp, current_timestamp, 'ASSIGNED', current_timestamp, current_timestamp);
insert into logistics_task (id, task_no, order_id, waybill_id, dispatch_id, driver_id, vehicle_id, task_status, proof_url, create_time, update_time) values (260525120001114, 'TASK-0099', 260525120000497, 260525120001112, 260525120001113, 260525120000277, 260525120000377, 'TRANSPORTING', null, current_timestamp, current_timestamp);
insert into logistics_track (id, order_id, waybill_id, current_status, current_location, operator_name, operation_desc, operation_time) values (260525120001115, 260525120000497, 260525120001112, 'EXCEPTION', '运输中转站', '调度中心', '系统模拟轨迹数据', current_timestamp);
insert into logistics_fee (id, order_id, base_fee, weight_fee, distance_fee, additional_fee, discount_fee, payable_fee, actual_fee, payment_status, create_time, update_time) values (260525120001116, 260525120000497, 120.00, 119.00, 80.00, 0.00, 0.00, 319.00, 319.00, 'PAID', current_timestamp, current_timestamp);
insert into logistics_order_tracking (id, order_no, tracking_status, location, description, operator_name, occurred_at, created_at) values (260525120001117, 'LO-DEMO-0099', 'EXCEPTION', '运输中转站', '模拟订单跟踪记录', '系统', current_timestamp, current_timestamp);
insert into logistics_waybill (id, waybill_no, order_id, start_site, target_site, current_location, transport_status, create_time, update_time) values (260525120001118, 'WB-0100', 260525120000498, '始发网点', '目的网点', '运输中转站', 'WAIT_DISPATCH', current_timestamp, current_timestamp);
insert into logistics_dispatch (id, order_id, waybill_id, driver_id, vehicle_id, start_site, target_site, planned_departure_time, planned_arrival_time, dispatch_status, create_time, update_time) values (260525120001119, 260525120000498, 260525120001118, 260525120000278, 260525120000378, '始发网点', '目的网点', current_timestamp, current_timestamp, 'FINISHED', current_timestamp, current_timestamp);
insert into logistics_task (id, task_no, order_id, waybill_id, dispatch_id, driver_id, vehicle_id, task_status, proof_url, create_time, update_time) values (260525120001120, 'TASK-0100', 260525120000498, 260525120001118, 260525120001119, 260525120000278, 260525120000378, 'SIGNED', null, current_timestamp, current_timestamp);
insert into logistics_track (id, order_id, waybill_id, current_status, current_location, operator_name, operation_desc, operation_time) values (260525120001121, 260525120000498, 260525120001118, 'WAIT_DISPATCH', '运输中转站', '调度中心', '系统模拟轨迹数据', current_timestamp);
insert into logistics_fee (id, order_id, base_fee, weight_fee, distance_fee, additional_fee, discount_fee, payable_fee, actual_fee, payment_status, create_time, update_time) values (260525120001122, 260525120000498, 120.00, 120.00, 80.00, 0.00, 0.00, 320.00, 0.00, 'UNPAID', current_timestamp, current_timestamp);
insert into logistics_order_tracking (id, order_no, tracking_status, location, description, operator_name, occurred_at, created_at) values (260525120001123, 'LO-DEMO-0100', 'WAIT_DISPATCH', '运输中转站', '模拟订单跟踪记录', '系统', current_timestamp, current_timestamp);
insert into logistics_inventory (id, warehouse_id, sku_code, sku_name, quantity, locked_quantity, updated_at) values (260525120001124, 260525120000171, 'SKU-0001', '物流耗材 1', 101, 1, current_timestamp);
insert into logistics_inventory (id, warehouse_id, sku_code, sku_name, quantity, locked_quantity, updated_at) values (260525120001125, 260525120000172, 'SKU-0002', '物流耗材 2', 102, 2, current_timestamp);
insert into logistics_inventory (id, warehouse_id, sku_code, sku_name, quantity, locked_quantity, updated_at) values (260525120001126, 260525120000173, 'SKU-0003', '物流耗材 3', 103, 3, current_timestamp);
insert into logistics_inventory (id, warehouse_id, sku_code, sku_name, quantity, locked_quantity, updated_at) values (260525120001127, 260525120000174, 'SKU-0004', '物流耗材 4', 104, 4, current_timestamp);
insert into logistics_inventory (id, warehouse_id, sku_code, sku_name, quantity, locked_quantity, updated_at) values (260525120001128, 260525120000175, 'SKU-0005', '物流耗材 5', 105, 5, current_timestamp);
insert into logistics_inventory (id, warehouse_id, sku_code, sku_name, quantity, locked_quantity, updated_at) values (260525120001129, 260525120000176, 'SKU-0006', '物流耗材 6', 106, 6, current_timestamp);
insert into logistics_inventory (id, warehouse_id, sku_code, sku_name, quantity, locked_quantity, updated_at) values (260525120001130, 260525120000177, 'SKU-0007', '物流耗材 7', 107, 7, current_timestamp);
insert into logistics_inventory (id, warehouse_id, sku_code, sku_name, quantity, locked_quantity, updated_at) values (260525120001131, 260525120000178, 'SKU-0008', '物流耗材 8', 108, 8, current_timestamp);
insert into logistics_inventory (id, warehouse_id, sku_code, sku_name, quantity, locked_quantity, updated_at) values (260525120001132, 260525120000171, 'SKU-0009', '物流耗材 9', 109, 9, current_timestamp);
insert into logistics_inventory (id, warehouse_id, sku_code, sku_name, quantity, locked_quantity, updated_at) values (260525120001133, 260525120000172, 'SKU-0010', '物流耗材 10', 110, 0, current_timestamp);
insert into logistics_inventory (id, warehouse_id, sku_code, sku_name, quantity, locked_quantity, updated_at) values (260525120001134, 260525120000173, 'SKU-0011', '物流耗材 11', 111, 1, current_timestamp);
insert into logistics_inventory (id, warehouse_id, sku_code, sku_name, quantity, locked_quantity, updated_at) values (260525120001135, 260525120000174, 'SKU-0012', '物流耗材 12', 112, 2, current_timestamp);
insert into logistics_inventory (id, warehouse_id, sku_code, sku_name, quantity, locked_quantity, updated_at) values (260525120001136, 260525120000175, 'SKU-0013', '物流耗材 13', 113, 3, current_timestamp);
insert into logistics_inventory (id, warehouse_id, sku_code, sku_name, quantity, locked_quantity, updated_at) values (260525120001137, 260525120000176, 'SKU-0014', '物流耗材 14', 114, 4, current_timestamp);
insert into logistics_inventory (id, warehouse_id, sku_code, sku_name, quantity, locked_quantity, updated_at) values (260525120001138, 260525120000177, 'SKU-0015', '物流耗材 15', 115, 5, current_timestamp);
insert into logistics_inventory (id, warehouse_id, sku_code, sku_name, quantity, locked_quantity, updated_at) values (260525120001139, 260525120000178, 'SKU-0016', '物流耗材 16', 116, 6, current_timestamp);
insert into logistics_inventory (id, warehouse_id, sku_code, sku_name, quantity, locked_quantity, updated_at) values (260525120001140, 260525120000171, 'SKU-0017', '物流耗材 17', 117, 7, current_timestamp);
insert into logistics_inventory (id, warehouse_id, sku_code, sku_name, quantity, locked_quantity, updated_at) values (260525120001141, 260525120000172, 'SKU-0018', '物流耗材 18', 118, 8, current_timestamp);
insert into logistics_inventory (id, warehouse_id, sku_code, sku_name, quantity, locked_quantity, updated_at) values (260525120001142, 260525120000173, 'SKU-0019', '物流耗材 19', 119, 9, current_timestamp);
insert into logistics_inventory (id, warehouse_id, sku_code, sku_name, quantity, locked_quantity, updated_at) values (260525120001143, 260525120000174, 'SKU-0020', '物流耗材 20', 120, 0, current_timestamp);
insert into logistics_inventory (id, warehouse_id, sku_code, sku_name, quantity, locked_quantity, updated_at) values (260525120001144, 260525120000175, 'SKU-0021', '物流耗材 21', 121, 1, current_timestamp);
insert into logistics_inventory (id, warehouse_id, sku_code, sku_name, quantity, locked_quantity, updated_at) values (260525120001145, 260525120000176, 'SKU-0022', '物流耗材 22', 122, 2, current_timestamp);
insert into logistics_inventory (id, warehouse_id, sku_code, sku_name, quantity, locked_quantity, updated_at) values (260525120001146, 260525120000177, 'SKU-0023', '物流耗材 23', 123, 3, current_timestamp);
insert into logistics_inventory (id, warehouse_id, sku_code, sku_name, quantity, locked_quantity, updated_at) values (260525120001147, 260525120000178, 'SKU-0024', '物流耗材 24', 124, 4, current_timestamp);
insert into logistics_inventory (id, warehouse_id, sku_code, sku_name, quantity, locked_quantity, updated_at) values (260525120001148, 260525120000171, 'SKU-0025', '物流耗材 25', 125, 5, current_timestamp);
insert into logistics_inventory (id, warehouse_id, sku_code, sku_name, quantity, locked_quantity, updated_at) values (260525120001149, 260525120000172, 'SKU-0026', '物流耗材 26', 126, 6, current_timestamp);
insert into logistics_inventory (id, warehouse_id, sku_code, sku_name, quantity, locked_quantity, updated_at) values (260525120001150, 260525120000173, 'SKU-0027', '物流耗材 27', 127, 7, current_timestamp);
insert into logistics_inventory (id, warehouse_id, sku_code, sku_name, quantity, locked_quantity, updated_at) values (260525120001151, 260525120000174, 'SKU-0028', '物流耗材 28', 128, 8, current_timestamp);
insert into logistics_inventory (id, warehouse_id, sku_code, sku_name, quantity, locked_quantity, updated_at) values (260525120001152, 260525120000175, 'SKU-0029', '物流耗材 29', 129, 9, current_timestamp);
insert into logistics_inventory (id, warehouse_id, sku_code, sku_name, quantity, locked_quantity, updated_at) values (260525120001153, 260525120000176, 'SKU-0030', '物流耗材 30', 130, 0, current_timestamp);
insert into logistics_inventory (id, warehouse_id, sku_code, sku_name, quantity, locked_quantity, updated_at) values (260525120001154, 260525120000177, 'SKU-0031', '物流耗材 31', 131, 1, current_timestamp);
insert into logistics_inventory (id, warehouse_id, sku_code, sku_name, quantity, locked_quantity, updated_at) values (260525120001155, 260525120000178, 'SKU-0032', '物流耗材 32', 132, 2, current_timestamp);
insert into logistics_inventory (id, warehouse_id, sku_code, sku_name, quantity, locked_quantity, updated_at) values (260525120001156, 260525120000171, 'SKU-0033', '物流耗材 33', 133, 3, current_timestamp);
insert into logistics_inventory (id, warehouse_id, sku_code, sku_name, quantity, locked_quantity, updated_at) values (260525120001157, 260525120000172, 'SKU-0034', '物流耗材 34', 134, 4, current_timestamp);
insert into logistics_inventory (id, warehouse_id, sku_code, sku_name, quantity, locked_quantity, updated_at) values (260525120001158, 260525120000173, 'SKU-0035', '物流耗材 35', 135, 5, current_timestamp);
insert into logistics_inventory (id, warehouse_id, sku_code, sku_name, quantity, locked_quantity, updated_at) values (260525120001159, 260525120000174, 'SKU-0036', '物流耗材 36', 136, 6, current_timestamp);
insert into logistics_inventory (id, warehouse_id, sku_code, sku_name, quantity, locked_quantity, updated_at) values (260525120001160, 260525120000175, 'SKU-0037', '物流耗材 37', 137, 7, current_timestamp);
insert into logistics_inventory (id, warehouse_id, sku_code, sku_name, quantity, locked_quantity, updated_at) values (260525120001161, 260525120000176, 'SKU-0038', '物流耗材 38', 138, 8, current_timestamp);
insert into logistics_inventory (id, warehouse_id, sku_code, sku_name, quantity, locked_quantity, updated_at) values (260525120001162, 260525120000177, 'SKU-0039', '物流耗材 39', 139, 9, current_timestamp);
insert into logistics_inventory (id, warehouse_id, sku_code, sku_name, quantity, locked_quantity, updated_at) values (260525120001163, 260525120000178, 'SKU-0040', '物流耗材 40', 140, 0, current_timestamp);
insert into logistics_inventory (id, warehouse_id, sku_code, sku_name, quantity, locked_quantity, updated_at) values (260525120001164, 260525120000171, 'SKU-0041', '物流耗材 41', 141, 1, current_timestamp);
insert into logistics_inventory (id, warehouse_id, sku_code, sku_name, quantity, locked_quantity, updated_at) values (260525120001165, 260525120000172, 'SKU-0042', '物流耗材 42', 142, 2, current_timestamp);
insert into logistics_inventory (id, warehouse_id, sku_code, sku_name, quantity, locked_quantity, updated_at) values (260525120001166, 260525120000173, 'SKU-0043', '物流耗材 43', 143, 3, current_timestamp);
insert into logistics_inventory (id, warehouse_id, sku_code, sku_name, quantity, locked_quantity, updated_at) values (260525120001167, 260525120000174, 'SKU-0044', '物流耗材 44', 144, 4, current_timestamp);
insert into logistics_inventory (id, warehouse_id, sku_code, sku_name, quantity, locked_quantity, updated_at) values (260525120001168, 260525120000175, 'SKU-0045', '物流耗材 45', 145, 5, current_timestamp);
insert into logistics_inventory (id, warehouse_id, sku_code, sku_name, quantity, locked_quantity, updated_at) values (260525120001169, 260525120000176, 'SKU-0046', '物流耗材 46', 146, 6, current_timestamp);
insert into logistics_inventory (id, warehouse_id, sku_code, sku_name, quantity, locked_quantity, updated_at) values (260525120001170, 260525120000177, 'SKU-0047', '物流耗材 47', 147, 7, current_timestamp);
insert into logistics_inventory (id, warehouse_id, sku_code, sku_name, quantity, locked_quantity, updated_at) values (260525120001171, 260525120000178, 'SKU-0048', '物流耗材 48', 148, 8, current_timestamp);
insert into logistics_inventory (id, warehouse_id, sku_code, sku_name, quantity, locked_quantity, updated_at) values (260525120001172, 260525120000171, 'SKU-0049', '物流耗材 49', 149, 9, current_timestamp);
insert into logistics_inventory (id, warehouse_id, sku_code, sku_name, quantity, locked_quantity, updated_at) values (260525120001173, 260525120000172, 'SKU-0050', '物流耗材 50', 150, 0, current_timestamp);
insert into logistics_inventory (id, warehouse_id, sku_code, sku_name, quantity, locked_quantity, updated_at) values (260525120001174, 260525120000173, 'SKU-0051', '物流耗材 51', 151, 1, current_timestamp);
insert into logistics_inventory (id, warehouse_id, sku_code, sku_name, quantity, locked_quantity, updated_at) values (260525120001175, 260525120000174, 'SKU-0052', '物流耗材 52', 152, 2, current_timestamp);
insert into logistics_inventory (id, warehouse_id, sku_code, sku_name, quantity, locked_quantity, updated_at) values (260525120001176, 260525120000175, 'SKU-0053', '物流耗材 53', 153, 3, current_timestamp);
insert into logistics_inventory (id, warehouse_id, sku_code, sku_name, quantity, locked_quantity, updated_at) values (260525120001177, 260525120000176, 'SKU-0054', '物流耗材 54', 154, 4, current_timestamp);
insert into logistics_inventory (id, warehouse_id, sku_code, sku_name, quantity, locked_quantity, updated_at) values (260525120001178, 260525120000177, 'SKU-0055', '物流耗材 55', 155, 5, current_timestamp);
insert into logistics_inventory (id, warehouse_id, sku_code, sku_name, quantity, locked_quantity, updated_at) values (260525120001179, 260525120000178, 'SKU-0056', '物流耗材 56', 156, 6, current_timestamp);
insert into logistics_inventory (id, warehouse_id, sku_code, sku_name, quantity, locked_quantity, updated_at) values (260525120001180, 260525120000171, 'SKU-0057', '物流耗材 57', 157, 7, current_timestamp);
insert into logistics_inventory (id, warehouse_id, sku_code, sku_name, quantity, locked_quantity, updated_at) values (260525120001181, 260525120000172, 'SKU-0058', '物流耗材 58', 158, 8, current_timestamp);
insert into logistics_inventory (id, warehouse_id, sku_code, sku_name, quantity, locked_quantity, updated_at) values (260525120001182, 260525120000173, 'SKU-0059', '物流耗材 59', 159, 9, current_timestamp);
insert into logistics_inventory (id, warehouse_id, sku_code, sku_name, quantity, locked_quantity, updated_at) values (260525120001183, 260525120000174, 'SKU-0060', '物流耗材 60', 160, 0, current_timestamp);
insert into logistics_inventory (id, warehouse_id, sku_code, sku_name, quantity, locked_quantity, updated_at) values (260525120001184, 260525120000175, 'SKU-0061', '物流耗材 61', 161, 1, current_timestamp);
insert into logistics_inventory (id, warehouse_id, sku_code, sku_name, quantity, locked_quantity, updated_at) values (260525120001185, 260525120000176, 'SKU-0062', '物流耗材 62', 162, 2, current_timestamp);
insert into logistics_inventory (id, warehouse_id, sku_code, sku_name, quantity, locked_quantity, updated_at) values (260525120001186, 260525120000177, 'SKU-0063', '物流耗材 63', 163, 3, current_timestamp);
insert into logistics_inventory (id, warehouse_id, sku_code, sku_name, quantity, locked_quantity, updated_at) values (260525120001187, 260525120000178, 'SKU-0064', '物流耗材 64', 164, 4, current_timestamp);
insert into logistics_inventory (id, warehouse_id, sku_code, sku_name, quantity, locked_quantity, updated_at) values (260525120001188, 260525120000171, 'SKU-0065', '物流耗材 65', 165, 5, current_timestamp);
insert into logistics_inventory (id, warehouse_id, sku_code, sku_name, quantity, locked_quantity, updated_at) values (260525120001189, 260525120000172, 'SKU-0066', '物流耗材 66', 166, 6, current_timestamp);
insert into logistics_inventory (id, warehouse_id, sku_code, sku_name, quantity, locked_quantity, updated_at) values (260525120001190, 260525120000173, 'SKU-0067', '物流耗材 67', 167, 7, current_timestamp);
insert into logistics_inventory (id, warehouse_id, sku_code, sku_name, quantity, locked_quantity, updated_at) values (260525120001191, 260525120000174, 'SKU-0068', '物流耗材 68', 168, 8, current_timestamp);
insert into logistics_inventory (id, warehouse_id, sku_code, sku_name, quantity, locked_quantity, updated_at) values (260525120001192, 260525120000175, 'SKU-0069', '物流耗材 69', 169, 9, current_timestamp);
insert into logistics_inventory (id, warehouse_id, sku_code, sku_name, quantity, locked_quantity, updated_at) values (260525120001193, 260525120000176, 'SKU-0070', '物流耗材 70', 170, 0, current_timestamp);
insert into logistics_inventory (id, warehouse_id, sku_code, sku_name, quantity, locked_quantity, updated_at) values (260525120001194, 260525120000177, 'SKU-0071', '物流耗材 71', 171, 1, current_timestamp);
insert into logistics_inventory (id, warehouse_id, sku_code, sku_name, quantity, locked_quantity, updated_at) values (260525120001195, 260525120000178, 'SKU-0072', '物流耗材 72', 172, 2, current_timestamp);
insert into logistics_inventory (id, warehouse_id, sku_code, sku_name, quantity, locked_quantity, updated_at) values (260525120001196, 260525120000171, 'SKU-0073', '物流耗材 73', 173, 3, current_timestamp);
insert into logistics_inventory (id, warehouse_id, sku_code, sku_name, quantity, locked_quantity, updated_at) values (260525120001197, 260525120000172, 'SKU-0074', '物流耗材 74', 174, 4, current_timestamp);
insert into logistics_inventory (id, warehouse_id, sku_code, sku_name, quantity, locked_quantity, updated_at) values (260525120001198, 260525120000173, 'SKU-0075', '物流耗材 75', 175, 5, current_timestamp);
insert into logistics_inventory (id, warehouse_id, sku_code, sku_name, quantity, locked_quantity, updated_at) values (260525120001199, 260525120000174, 'SKU-0076', '物流耗材 76', 176, 6, current_timestamp);
insert into logistics_inventory (id, warehouse_id, sku_code, sku_name, quantity, locked_quantity, updated_at) values (260525120001200, 260525120000175, 'SKU-0077', '物流耗材 77', 177, 7, current_timestamp);
insert into logistics_inventory (id, warehouse_id, sku_code, sku_name, quantity, locked_quantity, updated_at) values (260525120001201, 260525120000176, 'SKU-0078', '物流耗材 78', 178, 8, current_timestamp);
insert into logistics_inventory (id, warehouse_id, sku_code, sku_name, quantity, locked_quantity, updated_at) values (260525120001202, 260525120000177, 'SKU-0079', '物流耗材 79', 179, 9, current_timestamp);
insert into logistics_inventory (id, warehouse_id, sku_code, sku_name, quantity, locked_quantity, updated_at) values (260525120001203, 260525120000178, 'SKU-0080', '物流耗材 80', 180, 0, current_timestamp);
insert into logistics_inventory (id, warehouse_id, sku_code, sku_name, quantity, locked_quantity, updated_at) values (260525120001204, 260525120000171, 'SKU-0081', '物流耗材 81', 181, 1, current_timestamp);
insert into logistics_inventory (id, warehouse_id, sku_code, sku_name, quantity, locked_quantity, updated_at) values (260525120001205, 260525120000172, 'SKU-0082', '物流耗材 82', 182, 2, current_timestamp);
insert into logistics_inventory (id, warehouse_id, sku_code, sku_name, quantity, locked_quantity, updated_at) values (260525120001206, 260525120000173, 'SKU-0083', '物流耗材 83', 183, 3, current_timestamp);
insert into logistics_inventory (id, warehouse_id, sku_code, sku_name, quantity, locked_quantity, updated_at) values (260525120001207, 260525120000174, 'SKU-0084', '物流耗材 84', 184, 4, current_timestamp);
insert into logistics_inventory (id, warehouse_id, sku_code, sku_name, quantity, locked_quantity, updated_at) values (260525120001208, 260525120000175, 'SKU-0085', '物流耗材 85', 185, 5, current_timestamp);
insert into logistics_inventory (id, warehouse_id, sku_code, sku_name, quantity, locked_quantity, updated_at) values (260525120001209, 260525120000176, 'SKU-0086', '物流耗材 86', 186, 6, current_timestamp);
insert into logistics_inventory (id, warehouse_id, sku_code, sku_name, quantity, locked_quantity, updated_at) values (260525120001210, 260525120000177, 'SKU-0087', '物流耗材 87', 187, 7, current_timestamp);
insert into logistics_inventory (id, warehouse_id, sku_code, sku_name, quantity, locked_quantity, updated_at) values (260525120001211, 260525120000178, 'SKU-0088', '物流耗材 88', 188, 8, current_timestamp);
insert into logistics_inventory (id, warehouse_id, sku_code, sku_name, quantity, locked_quantity, updated_at) values (260525120001212, 260525120000171, 'SKU-0089', '物流耗材 89', 189, 9, current_timestamp);
insert into logistics_inventory (id, warehouse_id, sku_code, sku_name, quantity, locked_quantity, updated_at) values (260525120001213, 260525120000172, 'SKU-0090', '物流耗材 90', 190, 0, current_timestamp);
insert into logistics_inventory (id, warehouse_id, sku_code, sku_name, quantity, locked_quantity, updated_at) values (260525120001214, 260525120000173, 'SKU-0091', '物流耗材 91', 191, 1, current_timestamp);
insert into logistics_inventory (id, warehouse_id, sku_code, sku_name, quantity, locked_quantity, updated_at) values (260525120001215, 260525120000174, 'SKU-0092', '物流耗材 92', 192, 2, current_timestamp);
insert into logistics_inventory (id, warehouse_id, sku_code, sku_name, quantity, locked_quantity, updated_at) values (260525120001216, 260525120000175, 'SKU-0093', '物流耗材 93', 193, 3, current_timestamp);
insert into logistics_inventory (id, warehouse_id, sku_code, sku_name, quantity, locked_quantity, updated_at) values (260525120001217, 260525120000176, 'SKU-0094', '物流耗材 94', 194, 4, current_timestamp);
insert into logistics_inventory (id, warehouse_id, sku_code, sku_name, quantity, locked_quantity, updated_at) values (260525120001218, 260525120000177, 'SKU-0095', '物流耗材 95', 195, 5, current_timestamp);
insert into logistics_inventory (id, warehouse_id, sku_code, sku_name, quantity, locked_quantity, updated_at) values (260525120001219, 260525120000178, 'SKU-0096', '物流耗材 96', 196, 6, current_timestamp);
insert into logistics_inventory (id, warehouse_id, sku_code, sku_name, quantity, locked_quantity, updated_at) values (260525120001220, 260525120000171, 'SKU-0097', '物流耗材 97', 197, 7, current_timestamp);
insert into logistics_inventory (id, warehouse_id, sku_code, sku_name, quantity, locked_quantity, updated_at) values (260525120001221, 260525120000172, 'SKU-0098', '物流耗材 98', 198, 8, current_timestamp);
insert into logistics_inventory (id, warehouse_id, sku_code, sku_name, quantity, locked_quantity, updated_at) values (260525120001222, 260525120000173, 'SKU-0099', '物流耗材 99', 199, 9, current_timestamp);
insert into logistics_inventory (id, warehouse_id, sku_code, sku_name, quantity, locked_quantity, updated_at) values (260525120001223, 260525120000174, 'SKU-0100', '物流耗材 100', 200, 0, current_timestamp);
insert into logistics_freight_bill (id, bill_no, order_no, base_amount, fuel_surcharge, discount_amount, payable_amount, pay_status, created_at, updated_at) values (260525120001224, 'FB-0001', 'LO-DEMO-0001', 120.00, 30.00, 0.00, 150.00, 'UNPAID', current_timestamp, current_timestamp);
insert into logistics_freight_bill (id, bill_no, order_no, base_amount, fuel_surcharge, discount_amount, payable_amount, pay_status, created_at, updated_at) values (260525120001225, 'FB-0002', 'LO-DEMO-0002', 120.00, 30.00, 0.00, 150.00, 'UNPAID', current_timestamp, current_timestamp);
insert into logistics_freight_bill (id, bill_no, order_no, base_amount, fuel_surcharge, discount_amount, payable_amount, pay_status, created_at, updated_at) values (260525120001226, 'FB-0003', 'LO-DEMO-0003', 120.00, 30.00, 0.00, 150.00, 'PAID', current_timestamp, current_timestamp);
insert into logistics_freight_bill (id, bill_no, order_no, base_amount, fuel_surcharge, discount_amount, payable_amount, pay_status, created_at, updated_at) values (260525120001227, 'FB-0004', 'LO-DEMO-0004', 120.00, 30.00, 0.00, 150.00, 'UNPAID', current_timestamp, current_timestamp);
insert into logistics_freight_bill (id, bill_no, order_no, base_amount, fuel_surcharge, discount_amount, payable_amount, pay_status, created_at, updated_at) values (260525120001228, 'FB-0005', 'LO-DEMO-0005', 120.00, 30.00, 0.00, 150.00, 'UNPAID', current_timestamp, current_timestamp);
insert into logistics_freight_bill (id, bill_no, order_no, base_amount, fuel_surcharge, discount_amount, payable_amount, pay_status, created_at, updated_at) values (260525120001229, 'FB-0006', 'LO-DEMO-0006', 120.00, 30.00, 0.00, 150.00, 'PAID', current_timestamp, current_timestamp);
insert into logistics_freight_bill (id, bill_no, order_no, base_amount, fuel_surcharge, discount_amount, payable_amount, pay_status, created_at, updated_at) values (260525120001230, 'FB-0007', 'LO-DEMO-0007', 120.00, 30.00, 0.00, 150.00, 'UNPAID', current_timestamp, current_timestamp);
insert into logistics_freight_bill (id, bill_no, order_no, base_amount, fuel_surcharge, discount_amount, payable_amount, pay_status, created_at, updated_at) values (260525120001231, 'FB-0008', 'LO-DEMO-0008', 120.00, 30.00, 0.00, 150.00, 'UNPAID', current_timestamp, current_timestamp);
insert into logistics_freight_bill (id, bill_no, order_no, base_amount, fuel_surcharge, discount_amount, payable_amount, pay_status, created_at, updated_at) values (260525120001232, 'FB-0009', 'LO-DEMO-0009', 120.00, 30.00, 0.00, 150.00, 'PAID', current_timestamp, current_timestamp);
insert into logistics_freight_bill (id, bill_no, order_no, base_amount, fuel_surcharge, discount_amount, payable_amount, pay_status, created_at, updated_at) values (260525120001233, 'FB-0010', 'LO-DEMO-0010', 120.00, 30.00, 0.00, 150.00, 'UNPAID', current_timestamp, current_timestamp);
insert into logistics_freight_bill (id, bill_no, order_no, base_amount, fuel_surcharge, discount_amount, payable_amount, pay_status, created_at, updated_at) values (260525120001234, 'FB-0011', 'LO-DEMO-0011', 120.00, 30.00, 0.00, 150.00, 'UNPAID', current_timestamp, current_timestamp);
insert into logistics_freight_bill (id, bill_no, order_no, base_amount, fuel_surcharge, discount_amount, payable_amount, pay_status, created_at, updated_at) values (260525120001235, 'FB-0012', 'LO-DEMO-0012', 120.00, 30.00, 0.00, 150.00, 'PAID', current_timestamp, current_timestamp);
insert into logistics_freight_bill (id, bill_no, order_no, base_amount, fuel_surcharge, discount_amount, payable_amount, pay_status, created_at, updated_at) values (260525120001236, 'FB-0013', 'LO-DEMO-0013', 120.00, 30.00, 0.00, 150.00, 'UNPAID', current_timestamp, current_timestamp);
insert into logistics_freight_bill (id, bill_no, order_no, base_amount, fuel_surcharge, discount_amount, payable_amount, pay_status, created_at, updated_at) values (260525120001237, 'FB-0014', 'LO-DEMO-0014', 120.00, 30.00, 0.00, 150.00, 'UNPAID', current_timestamp, current_timestamp);
insert into logistics_freight_bill (id, bill_no, order_no, base_amount, fuel_surcharge, discount_amount, payable_amount, pay_status, created_at, updated_at) values (260525120001238, 'FB-0015', 'LO-DEMO-0015', 120.00, 30.00, 0.00, 150.00, 'PAID', current_timestamp, current_timestamp);
insert into logistics_freight_bill (id, bill_no, order_no, base_amount, fuel_surcharge, discount_amount, payable_amount, pay_status, created_at, updated_at) values (260525120001239, 'FB-0016', 'LO-DEMO-0016', 120.00, 30.00, 0.00, 150.00, 'UNPAID', current_timestamp, current_timestamp);
insert into logistics_freight_bill (id, bill_no, order_no, base_amount, fuel_surcharge, discount_amount, payable_amount, pay_status, created_at, updated_at) values (260525120001240, 'FB-0017', 'LO-DEMO-0017', 120.00, 30.00, 0.00, 150.00, 'UNPAID', current_timestamp, current_timestamp);
insert into logistics_freight_bill (id, bill_no, order_no, base_amount, fuel_surcharge, discount_amount, payable_amount, pay_status, created_at, updated_at) values (260525120001241, 'FB-0018', 'LO-DEMO-0018', 120.00, 30.00, 0.00, 150.00, 'PAID', current_timestamp, current_timestamp);
insert into logistics_freight_bill (id, bill_no, order_no, base_amount, fuel_surcharge, discount_amount, payable_amount, pay_status, created_at, updated_at) values (260525120001242, 'FB-0019', 'LO-DEMO-0019', 120.00, 30.00, 0.00, 150.00, 'UNPAID', current_timestamp, current_timestamp);
insert into logistics_freight_bill (id, bill_no, order_no, base_amount, fuel_surcharge, discount_amount, payable_amount, pay_status, created_at, updated_at) values (260525120001243, 'FB-0020', 'LO-DEMO-0020', 120.00, 30.00, 0.00, 150.00, 'UNPAID', current_timestamp, current_timestamp);
insert into logistics_freight_bill (id, bill_no, order_no, base_amount, fuel_surcharge, discount_amount, payable_amount, pay_status, created_at, updated_at) values (260525120001244, 'FB-0021', 'LO-DEMO-0021', 120.00, 30.00, 0.00, 150.00, 'PAID', current_timestamp, current_timestamp);
insert into logistics_freight_bill (id, bill_no, order_no, base_amount, fuel_surcharge, discount_amount, payable_amount, pay_status, created_at, updated_at) values (260525120001245, 'FB-0022', 'LO-DEMO-0022', 120.00, 30.00, 0.00, 150.00, 'UNPAID', current_timestamp, current_timestamp);
insert into logistics_freight_bill (id, bill_no, order_no, base_amount, fuel_surcharge, discount_amount, payable_amount, pay_status, created_at, updated_at) values (260525120001246, 'FB-0023', 'LO-DEMO-0023', 120.00, 30.00, 0.00, 150.00, 'UNPAID', current_timestamp, current_timestamp);
insert into logistics_freight_bill (id, bill_no, order_no, base_amount, fuel_surcharge, discount_amount, payable_amount, pay_status, created_at, updated_at) values (260525120001247, 'FB-0024', 'LO-DEMO-0024', 120.00, 30.00, 0.00, 150.00, 'PAID', current_timestamp, current_timestamp);
insert into logistics_freight_bill (id, bill_no, order_no, base_amount, fuel_surcharge, discount_amount, payable_amount, pay_status, created_at, updated_at) values (260525120001248, 'FB-0025', 'LO-DEMO-0025', 120.00, 30.00, 0.00, 150.00, 'UNPAID', current_timestamp, current_timestamp);
insert into logistics_freight_bill (id, bill_no, order_no, base_amount, fuel_surcharge, discount_amount, payable_amount, pay_status, created_at, updated_at) values (260525120001249, 'FB-0026', 'LO-DEMO-0026', 120.00, 30.00, 0.00, 150.00, 'UNPAID', current_timestamp, current_timestamp);
insert into logistics_freight_bill (id, bill_no, order_no, base_amount, fuel_surcharge, discount_amount, payable_amount, pay_status, created_at, updated_at) values (260525120001250, 'FB-0027', 'LO-DEMO-0027', 120.00, 30.00, 0.00, 150.00, 'PAID', current_timestamp, current_timestamp);
insert into logistics_freight_bill (id, bill_no, order_no, base_amount, fuel_surcharge, discount_amount, payable_amount, pay_status, created_at, updated_at) values (260525120001251, 'FB-0028', 'LO-DEMO-0028', 120.00, 30.00, 0.00, 150.00, 'UNPAID', current_timestamp, current_timestamp);
insert into logistics_freight_bill (id, bill_no, order_no, base_amount, fuel_surcharge, discount_amount, payable_amount, pay_status, created_at, updated_at) values (260525120001252, 'FB-0029', 'LO-DEMO-0029', 120.00, 30.00, 0.00, 150.00, 'UNPAID', current_timestamp, current_timestamp);
insert into logistics_freight_bill (id, bill_no, order_no, base_amount, fuel_surcharge, discount_amount, payable_amount, pay_status, created_at, updated_at) values (260525120001253, 'FB-0030', 'LO-DEMO-0030', 120.00, 30.00, 0.00, 150.00, 'PAID', current_timestamp, current_timestamp);
insert into logistics_freight_bill (id, bill_no, order_no, base_amount, fuel_surcharge, discount_amount, payable_amount, pay_status, created_at, updated_at) values (260525120001254, 'FB-0031', 'LO-DEMO-0031', 120.00, 30.00, 0.00, 150.00, 'UNPAID', current_timestamp, current_timestamp);
insert into logistics_freight_bill (id, bill_no, order_no, base_amount, fuel_surcharge, discount_amount, payable_amount, pay_status, created_at, updated_at) values (260525120001255, 'FB-0032', 'LO-DEMO-0032', 120.00, 30.00, 0.00, 150.00, 'UNPAID', current_timestamp, current_timestamp);
insert into logistics_freight_bill (id, bill_no, order_no, base_amount, fuel_surcharge, discount_amount, payable_amount, pay_status, created_at, updated_at) values (260525120001256, 'FB-0033', 'LO-DEMO-0033', 120.00, 30.00, 0.00, 150.00, 'PAID', current_timestamp, current_timestamp);
insert into logistics_freight_bill (id, bill_no, order_no, base_amount, fuel_surcharge, discount_amount, payable_amount, pay_status, created_at, updated_at) values (260525120001257, 'FB-0034', 'LO-DEMO-0034', 120.00, 30.00, 0.00, 150.00, 'UNPAID', current_timestamp, current_timestamp);
insert into logistics_freight_bill (id, bill_no, order_no, base_amount, fuel_surcharge, discount_amount, payable_amount, pay_status, created_at, updated_at) values (260525120001258, 'FB-0035', 'LO-DEMO-0035', 120.00, 30.00, 0.00, 150.00, 'UNPAID', current_timestamp, current_timestamp);
insert into logistics_freight_bill (id, bill_no, order_no, base_amount, fuel_surcharge, discount_amount, payable_amount, pay_status, created_at, updated_at) values (260525120001259, 'FB-0036', 'LO-DEMO-0036', 120.00, 30.00, 0.00, 150.00, 'PAID', current_timestamp, current_timestamp);
insert into logistics_freight_bill (id, bill_no, order_no, base_amount, fuel_surcharge, discount_amount, payable_amount, pay_status, created_at, updated_at) values (260525120001260, 'FB-0037', 'LO-DEMO-0037', 120.00, 30.00, 0.00, 150.00, 'UNPAID', current_timestamp, current_timestamp);
insert into logistics_freight_bill (id, bill_no, order_no, base_amount, fuel_surcharge, discount_amount, payable_amount, pay_status, created_at, updated_at) values (260525120001261, 'FB-0038', 'LO-DEMO-0038', 120.00, 30.00, 0.00, 150.00, 'UNPAID', current_timestamp, current_timestamp);
insert into logistics_freight_bill (id, bill_no, order_no, base_amount, fuel_surcharge, discount_amount, payable_amount, pay_status, created_at, updated_at) values (260525120001262, 'FB-0039', 'LO-DEMO-0039', 120.00, 30.00, 0.00, 150.00, 'PAID', current_timestamp, current_timestamp);
insert into logistics_freight_bill (id, bill_no, order_no, base_amount, fuel_surcharge, discount_amount, payable_amount, pay_status, created_at, updated_at) values (260525120001263, 'FB-0040', 'LO-DEMO-0040', 120.00, 30.00, 0.00, 150.00, 'UNPAID', current_timestamp, current_timestamp);
insert into logistics_freight_bill (id, bill_no, order_no, base_amount, fuel_surcharge, discount_amount, payable_amount, pay_status, created_at, updated_at) values (260525120001264, 'FB-0041', 'LO-DEMO-0041', 120.00, 30.00, 0.00, 150.00, 'UNPAID', current_timestamp, current_timestamp);
insert into logistics_freight_bill (id, bill_no, order_no, base_amount, fuel_surcharge, discount_amount, payable_amount, pay_status, created_at, updated_at) values (260525120001265, 'FB-0042', 'LO-DEMO-0042', 120.00, 30.00, 0.00, 150.00, 'PAID', current_timestamp, current_timestamp);
insert into logistics_freight_bill (id, bill_no, order_no, base_amount, fuel_surcharge, discount_amount, payable_amount, pay_status, created_at, updated_at) values (260525120001266, 'FB-0043', 'LO-DEMO-0043', 120.00, 30.00, 0.00, 150.00, 'UNPAID', current_timestamp, current_timestamp);
insert into logistics_freight_bill (id, bill_no, order_no, base_amount, fuel_surcharge, discount_amount, payable_amount, pay_status, created_at, updated_at) values (260525120001267, 'FB-0044', 'LO-DEMO-0044', 120.00, 30.00, 0.00, 150.00, 'UNPAID', current_timestamp, current_timestamp);
insert into logistics_freight_bill (id, bill_no, order_no, base_amount, fuel_surcharge, discount_amount, payable_amount, pay_status, created_at, updated_at) values (260525120001268, 'FB-0045', 'LO-DEMO-0045', 120.00, 30.00, 0.00, 150.00, 'PAID', current_timestamp, current_timestamp);
insert into logistics_freight_bill (id, bill_no, order_no, base_amount, fuel_surcharge, discount_amount, payable_amount, pay_status, created_at, updated_at) values (260525120001269, 'FB-0046', 'LO-DEMO-0046', 120.00, 30.00, 0.00, 150.00, 'UNPAID', current_timestamp, current_timestamp);
insert into logistics_freight_bill (id, bill_no, order_no, base_amount, fuel_surcharge, discount_amount, payable_amount, pay_status, created_at, updated_at) values (260525120001270, 'FB-0047', 'LO-DEMO-0047', 120.00, 30.00, 0.00, 150.00, 'UNPAID', current_timestamp, current_timestamp);
insert into logistics_freight_bill (id, bill_no, order_no, base_amount, fuel_surcharge, discount_amount, payable_amount, pay_status, created_at, updated_at) values (260525120001271, 'FB-0048', 'LO-DEMO-0048', 120.00, 30.00, 0.00, 150.00, 'PAID', current_timestamp, current_timestamp);
insert into logistics_freight_bill (id, bill_no, order_no, base_amount, fuel_surcharge, discount_amount, payable_amount, pay_status, created_at, updated_at) values (260525120001272, 'FB-0049', 'LO-DEMO-0049', 120.00, 30.00, 0.00, 150.00, 'UNPAID', current_timestamp, current_timestamp);
insert into logistics_freight_bill (id, bill_no, order_no, base_amount, fuel_surcharge, discount_amount, payable_amount, pay_status, created_at, updated_at) values (260525120001273, 'FB-0050', 'LO-DEMO-0050', 120.00, 30.00, 0.00, 150.00, 'UNPAID', current_timestamp, current_timestamp);
insert into logistics_freight_bill (id, bill_no, order_no, base_amount, fuel_surcharge, discount_amount, payable_amount, pay_status, created_at, updated_at) values (260525120001274, 'FB-0051', 'LO-DEMO-0051', 120.00, 30.00, 0.00, 150.00, 'PAID', current_timestamp, current_timestamp);
insert into logistics_freight_bill (id, bill_no, order_no, base_amount, fuel_surcharge, discount_amount, payable_amount, pay_status, created_at, updated_at) values (260525120001275, 'FB-0052', 'LO-DEMO-0052', 120.00, 30.00, 0.00, 150.00, 'UNPAID', current_timestamp, current_timestamp);
insert into logistics_freight_bill (id, bill_no, order_no, base_amount, fuel_surcharge, discount_amount, payable_amount, pay_status, created_at, updated_at) values (260525120001276, 'FB-0053', 'LO-DEMO-0053', 120.00, 30.00, 0.00, 150.00, 'UNPAID', current_timestamp, current_timestamp);
insert into logistics_freight_bill (id, bill_no, order_no, base_amount, fuel_surcharge, discount_amount, payable_amount, pay_status, created_at, updated_at) values (260525120001277, 'FB-0054', 'LO-DEMO-0054', 120.00, 30.00, 0.00, 150.00, 'PAID', current_timestamp, current_timestamp);
insert into logistics_freight_bill (id, bill_no, order_no, base_amount, fuel_surcharge, discount_amount, payable_amount, pay_status, created_at, updated_at) values (260525120001278, 'FB-0055', 'LO-DEMO-0055', 120.00, 30.00, 0.00, 150.00, 'UNPAID', current_timestamp, current_timestamp);
insert into logistics_freight_bill (id, bill_no, order_no, base_amount, fuel_surcharge, discount_amount, payable_amount, pay_status, created_at, updated_at) values (260525120001279, 'FB-0056', 'LO-DEMO-0056', 120.00, 30.00, 0.00, 150.00, 'UNPAID', current_timestamp, current_timestamp);
insert into logistics_freight_bill (id, bill_no, order_no, base_amount, fuel_surcharge, discount_amount, payable_amount, pay_status, created_at, updated_at) values (260525120001280, 'FB-0057', 'LO-DEMO-0057', 120.00, 30.00, 0.00, 150.00, 'PAID', current_timestamp, current_timestamp);
insert into logistics_freight_bill (id, bill_no, order_no, base_amount, fuel_surcharge, discount_amount, payable_amount, pay_status, created_at, updated_at) values (260525120001281, 'FB-0058', 'LO-DEMO-0058', 120.00, 30.00, 0.00, 150.00, 'UNPAID', current_timestamp, current_timestamp);
insert into logistics_freight_bill (id, bill_no, order_no, base_amount, fuel_surcharge, discount_amount, payable_amount, pay_status, created_at, updated_at) values (260525120001282, 'FB-0059', 'LO-DEMO-0059', 120.00, 30.00, 0.00, 150.00, 'UNPAID', current_timestamp, current_timestamp);
insert into logistics_freight_bill (id, bill_no, order_no, base_amount, fuel_surcharge, discount_amount, payable_amount, pay_status, created_at, updated_at) values (260525120001283, 'FB-0060', 'LO-DEMO-0060', 120.00, 30.00, 0.00, 150.00, 'PAID', current_timestamp, current_timestamp);
insert into logistics_freight_bill (id, bill_no, order_no, base_amount, fuel_surcharge, discount_amount, payable_amount, pay_status, created_at, updated_at) values (260525120001284, 'FB-0061', 'LO-DEMO-0061', 120.00, 30.00, 0.00, 150.00, 'UNPAID', current_timestamp, current_timestamp);
insert into logistics_freight_bill (id, bill_no, order_no, base_amount, fuel_surcharge, discount_amount, payable_amount, pay_status, created_at, updated_at) values (260525120001285, 'FB-0062', 'LO-DEMO-0062', 120.00, 30.00, 0.00, 150.00, 'UNPAID', current_timestamp, current_timestamp);
insert into logistics_freight_bill (id, bill_no, order_no, base_amount, fuel_surcharge, discount_amount, payable_amount, pay_status, created_at, updated_at) values (260525120001286, 'FB-0063', 'LO-DEMO-0063', 120.00, 30.00, 0.00, 150.00, 'PAID', current_timestamp, current_timestamp);
insert into logistics_freight_bill (id, bill_no, order_no, base_amount, fuel_surcharge, discount_amount, payable_amount, pay_status, created_at, updated_at) values (260525120001287, 'FB-0064', 'LO-DEMO-0064', 120.00, 30.00, 0.00, 150.00, 'UNPAID', current_timestamp, current_timestamp);
insert into logistics_freight_bill (id, bill_no, order_no, base_amount, fuel_surcharge, discount_amount, payable_amount, pay_status, created_at, updated_at) values (260525120001288, 'FB-0065', 'LO-DEMO-0065', 120.00, 30.00, 0.00, 150.00, 'UNPAID', current_timestamp, current_timestamp);
insert into logistics_freight_bill (id, bill_no, order_no, base_amount, fuel_surcharge, discount_amount, payable_amount, pay_status, created_at, updated_at) values (260525120001289, 'FB-0066', 'LO-DEMO-0066', 120.00, 30.00, 0.00, 150.00, 'PAID', current_timestamp, current_timestamp);
insert into logistics_freight_bill (id, bill_no, order_no, base_amount, fuel_surcharge, discount_amount, payable_amount, pay_status, created_at, updated_at) values (260525120001290, 'FB-0067', 'LO-DEMO-0067', 120.00, 30.00, 0.00, 150.00, 'UNPAID', current_timestamp, current_timestamp);
insert into logistics_freight_bill (id, bill_no, order_no, base_amount, fuel_surcharge, discount_amount, payable_amount, pay_status, created_at, updated_at) values (260525120001291, 'FB-0068', 'LO-DEMO-0068', 120.00, 30.00, 0.00, 150.00, 'UNPAID', current_timestamp, current_timestamp);
insert into logistics_freight_bill (id, bill_no, order_no, base_amount, fuel_surcharge, discount_amount, payable_amount, pay_status, created_at, updated_at) values (260525120001292, 'FB-0069', 'LO-DEMO-0069', 120.00, 30.00, 0.00, 150.00, 'PAID', current_timestamp, current_timestamp);
insert into logistics_freight_bill (id, bill_no, order_no, base_amount, fuel_surcharge, discount_amount, payable_amount, pay_status, created_at, updated_at) values (260525120001293, 'FB-0070', 'LO-DEMO-0070', 120.00, 30.00, 0.00, 150.00, 'UNPAID', current_timestamp, current_timestamp);
insert into logistics_freight_bill (id, bill_no, order_no, base_amount, fuel_surcharge, discount_amount, payable_amount, pay_status, created_at, updated_at) values (260525120001294, 'FB-0071', 'LO-DEMO-0071', 120.00, 30.00, 0.00, 150.00, 'UNPAID', current_timestamp, current_timestamp);
insert into logistics_freight_bill (id, bill_no, order_no, base_amount, fuel_surcharge, discount_amount, payable_amount, pay_status, created_at, updated_at) values (260525120001295, 'FB-0072', 'LO-DEMO-0072', 120.00, 30.00, 0.00, 150.00, 'PAID', current_timestamp, current_timestamp);
insert into logistics_freight_bill (id, bill_no, order_no, base_amount, fuel_surcharge, discount_amount, payable_amount, pay_status, created_at, updated_at) values (260525120001296, 'FB-0073', 'LO-DEMO-0073', 120.00, 30.00, 0.00, 150.00, 'UNPAID', current_timestamp, current_timestamp);
insert into logistics_freight_bill (id, bill_no, order_no, base_amount, fuel_surcharge, discount_amount, payable_amount, pay_status, created_at, updated_at) values (260525120001297, 'FB-0074', 'LO-DEMO-0074', 120.00, 30.00, 0.00, 150.00, 'UNPAID', current_timestamp, current_timestamp);
insert into logistics_freight_bill (id, bill_no, order_no, base_amount, fuel_surcharge, discount_amount, payable_amount, pay_status, created_at, updated_at) values (260525120001298, 'FB-0075', 'LO-DEMO-0075', 120.00, 30.00, 0.00, 150.00, 'PAID', current_timestamp, current_timestamp);
insert into logistics_freight_bill (id, bill_no, order_no, base_amount, fuel_surcharge, discount_amount, payable_amount, pay_status, created_at, updated_at) values (260525120001299, 'FB-0076', 'LO-DEMO-0076', 120.00, 30.00, 0.00, 150.00, 'UNPAID', current_timestamp, current_timestamp);
insert into logistics_freight_bill (id, bill_no, order_no, base_amount, fuel_surcharge, discount_amount, payable_amount, pay_status, created_at, updated_at) values (260525120001300, 'FB-0077', 'LO-DEMO-0077', 120.00, 30.00, 0.00, 150.00, 'UNPAID', current_timestamp, current_timestamp);
insert into logistics_freight_bill (id, bill_no, order_no, base_amount, fuel_surcharge, discount_amount, payable_amount, pay_status, created_at, updated_at) values (260525120001301, 'FB-0078', 'LO-DEMO-0078', 120.00, 30.00, 0.00, 150.00, 'PAID', current_timestamp, current_timestamp);
insert into logistics_freight_bill (id, bill_no, order_no, base_amount, fuel_surcharge, discount_amount, payable_amount, pay_status, created_at, updated_at) values (260525120001302, 'FB-0079', 'LO-DEMO-0079', 120.00, 30.00, 0.00, 150.00, 'UNPAID', current_timestamp, current_timestamp);
insert into logistics_freight_bill (id, bill_no, order_no, base_amount, fuel_surcharge, discount_amount, payable_amount, pay_status, created_at, updated_at) values (260525120001303, 'FB-0080', 'LO-DEMO-0080', 120.00, 30.00, 0.00, 150.00, 'UNPAID', current_timestamp, current_timestamp);
insert into logistics_freight_bill (id, bill_no, order_no, base_amount, fuel_surcharge, discount_amount, payable_amount, pay_status, created_at, updated_at) values (260525120001304, 'FB-0081', 'LO-DEMO-0081', 120.00, 30.00, 0.00, 150.00, 'PAID', current_timestamp, current_timestamp);
insert into logistics_freight_bill (id, bill_no, order_no, base_amount, fuel_surcharge, discount_amount, payable_amount, pay_status, created_at, updated_at) values (260525120001305, 'FB-0082', 'LO-DEMO-0082', 120.00, 30.00, 0.00, 150.00, 'UNPAID', current_timestamp, current_timestamp);
insert into logistics_freight_bill (id, bill_no, order_no, base_amount, fuel_surcharge, discount_amount, payable_amount, pay_status, created_at, updated_at) values (260525120001306, 'FB-0083', 'LO-DEMO-0083', 120.00, 30.00, 0.00, 150.00, 'UNPAID', current_timestamp, current_timestamp);
insert into logistics_freight_bill (id, bill_no, order_no, base_amount, fuel_surcharge, discount_amount, payable_amount, pay_status, created_at, updated_at) values (260525120001307, 'FB-0084', 'LO-DEMO-0084', 120.00, 30.00, 0.00, 150.00, 'PAID', current_timestamp, current_timestamp);
insert into logistics_freight_bill (id, bill_no, order_no, base_amount, fuel_surcharge, discount_amount, payable_amount, pay_status, created_at, updated_at) values (260525120001308, 'FB-0085', 'LO-DEMO-0085', 120.00, 30.00, 0.00, 150.00, 'UNPAID', current_timestamp, current_timestamp);
insert into logistics_freight_bill (id, bill_no, order_no, base_amount, fuel_surcharge, discount_amount, payable_amount, pay_status, created_at, updated_at) values (260525120001309, 'FB-0086', 'LO-DEMO-0086', 120.00, 30.00, 0.00, 150.00, 'UNPAID', current_timestamp, current_timestamp);
insert into logistics_freight_bill (id, bill_no, order_no, base_amount, fuel_surcharge, discount_amount, payable_amount, pay_status, created_at, updated_at) values (260525120001310, 'FB-0087', 'LO-DEMO-0087', 120.00, 30.00, 0.00, 150.00, 'PAID', current_timestamp, current_timestamp);
insert into logistics_freight_bill (id, bill_no, order_no, base_amount, fuel_surcharge, discount_amount, payable_amount, pay_status, created_at, updated_at) values (260525120001311, 'FB-0088', 'LO-DEMO-0088', 120.00, 30.00, 0.00, 150.00, 'UNPAID', current_timestamp, current_timestamp);
insert into logistics_freight_bill (id, bill_no, order_no, base_amount, fuel_surcharge, discount_amount, payable_amount, pay_status, created_at, updated_at) values (260525120001312, 'FB-0089', 'LO-DEMO-0089', 120.00, 30.00, 0.00, 150.00, 'UNPAID', current_timestamp, current_timestamp);
insert into logistics_freight_bill (id, bill_no, order_no, base_amount, fuel_surcharge, discount_amount, payable_amount, pay_status, created_at, updated_at) values (260525120001313, 'FB-0090', 'LO-DEMO-0090', 120.00, 30.00, 0.00, 150.00, 'PAID', current_timestamp, current_timestamp);
insert into logistics_freight_bill (id, bill_no, order_no, base_amount, fuel_surcharge, discount_amount, payable_amount, pay_status, created_at, updated_at) values (260525120001314, 'FB-0091', 'LO-DEMO-0091', 120.00, 30.00, 0.00, 150.00, 'UNPAID', current_timestamp, current_timestamp);
insert into logistics_freight_bill (id, bill_no, order_no, base_amount, fuel_surcharge, discount_amount, payable_amount, pay_status, created_at, updated_at) values (260525120001315, 'FB-0092', 'LO-DEMO-0092', 120.00, 30.00, 0.00, 150.00, 'UNPAID', current_timestamp, current_timestamp);
insert into logistics_freight_bill (id, bill_no, order_no, base_amount, fuel_surcharge, discount_amount, payable_amount, pay_status, created_at, updated_at) values (260525120001316, 'FB-0093', 'LO-DEMO-0093', 120.00, 30.00, 0.00, 150.00, 'PAID', current_timestamp, current_timestamp);
insert into logistics_freight_bill (id, bill_no, order_no, base_amount, fuel_surcharge, discount_amount, payable_amount, pay_status, created_at, updated_at) values (260525120001317, 'FB-0094', 'LO-DEMO-0094', 120.00, 30.00, 0.00, 150.00, 'UNPAID', current_timestamp, current_timestamp);
insert into logistics_freight_bill (id, bill_no, order_no, base_amount, fuel_surcharge, discount_amount, payable_amount, pay_status, created_at, updated_at) values (260525120001318, 'FB-0095', 'LO-DEMO-0095', 120.00, 30.00, 0.00, 150.00, 'UNPAID', current_timestamp, current_timestamp);
insert into logistics_freight_bill (id, bill_no, order_no, base_amount, fuel_surcharge, discount_amount, payable_amount, pay_status, created_at, updated_at) values (260525120001319, 'FB-0096', 'LO-DEMO-0096', 120.00, 30.00, 0.00, 150.00, 'PAID', current_timestamp, current_timestamp);
insert into logistics_freight_bill (id, bill_no, order_no, base_amount, fuel_surcharge, discount_amount, payable_amount, pay_status, created_at, updated_at) values (260525120001320, 'FB-0097', 'LO-DEMO-0097', 120.00, 30.00, 0.00, 150.00, 'UNPAID', current_timestamp, current_timestamp);
insert into logistics_freight_bill (id, bill_no, order_no, base_amount, fuel_surcharge, discount_amount, payable_amount, pay_status, created_at, updated_at) values (260525120001321, 'FB-0098', 'LO-DEMO-0098', 120.00, 30.00, 0.00, 150.00, 'UNPAID', current_timestamp, current_timestamp);
insert into logistics_freight_bill (id, bill_no, order_no, base_amount, fuel_surcharge, discount_amount, payable_amount, pay_status, created_at, updated_at) values (260525120001322, 'FB-0099', 'LO-DEMO-0099', 120.00, 30.00, 0.00, 150.00, 'PAID', current_timestamp, current_timestamp);
insert into logistics_freight_bill (id, bill_no, order_no, base_amount, fuel_surcharge, discount_amount, payable_amount, pay_status, created_at, updated_at) values (260525120001323, 'FB-0100', 'LO-DEMO-0100', 120.00, 30.00, 0.00, 150.00, 'UNPAID', current_timestamp, current_timestamp);
